-- phpMyAdmin SQL Dump
-- version 5.0.4
-- https://www.phpmyadmin.net/
--
-- Servidor: 127.0.0.1
-- Tiempo de generación: 28-09-2021 a las 23:07:11
-- Versión del servidor: 10.4.16-MariaDB
-- Versión de PHP: 7.4.12

SET SQL_MODE = "NO_AUTO_VALUE_ON_ZERO";
START TRANSACTION;
SET time_zone = "+00:00";


/*!40101 SET @OLD_CHARACTER_SET_CLIENT=@@CHARACTER_SET_CLIENT */;
/*!40101 SET @OLD_CHARACTER_SET_RESULTS=@@CHARACTER_SET_RESULTS */;
/*!40101 SET @OLD_COLLATION_CONNECTION=@@COLLATION_CONNECTION */;
/*!40101 SET NAMES utf8mb4 */;

--
-- Base de datos: `mediprof`
--

-- --------------------------------------------------------

--
-- Estructura de tabla para la tabla `cita`
--

CREATE TABLE `cita` (
  `idCita` int(5) NOT NULL,
  `Fecha` date NOT NULL,
  `Hora` time NOT NULL,
  `Sintomas` varchar(50) NOT NULL,
  `Nombre` varchar(50) NOT NULL,
  `idPaciente` int(5) NOT NULL,
  `idDoctor` int(5) NOT NULL
) ENGINE=InnoDB DEFAULT CHARSET=utf8;

--
-- Volcado de datos para la tabla `cita`
--

INSERT INTO `cita` (`idCita`, `Fecha`, `Hora`, `Sintomas`, `Nombre`, `idPaciente`, `idDoctor`) VALUES
(1, '2020-11-27', '17:18:27', 'Dolor de hombro', 'Wang Lang', 142, 161),
(2, '2020-11-04', '05:40:19', 'Dolor de estómago', 'Dahlia Tanner', 192, 1),
(3, '2021-03-22', '03:27:46', 'Dolor de cabeza y problemas para respirar', 'Odette Livingston', 9, 28),
(4, '2020-09-27', '20:47:11', 'Dolor de estómago', 'Dolan Solomon', 188, 103),
(5, '2021-07-08', '09:59:50', 'Gastritis', 'Tucker Ball', 166, 52),
(6, '2021-01-07', '07:46:10', 'Gripa', 'Kadeem Stephenson', 54, 240),
(7, '2020-11-05', '18:06:48', 'Dolor de riñones', 'Trevor Leonard', 279, 116),
(8, '2021-04-04', '20:12:50', 'Dolor de pies', 'Jacob Stewart', 160, 106),
(9, '2021-06-04', '02:55:46', 'Dolor de rodillas', 'Kenneth Franklin', 189, 104),
(10, '2020-10-10', '15:28:34', 'Gastritis', 'Derek Parrish', 256, 152),
(11, '2020-09-11', '01:15:19', 'Ojos llorosos', 'Libby Beck', 188, 176),
(12, '2021-02-20', '07:04:54', 'Tos seca', 'Herman Forbes', 19, 35),
(13, '2021-04-09', '06:19:23', 'Dolor de corazón', 'Sybill Armstrong', 101, 199),
(14, '2020-10-19', '16:13:15', 'Dolor de rodillas', 'Hammett Bell', 78, 238),
(15, '2020-10-07', '21:42:59', 'Dolor de ojos', 'Adam Salazar', 113, 111),
(16, '2020-10-22', '10:44:27', 'Gastritis', 'Danielle Nelson', 37, 186),
(17, '2020-10-05', '16:19:12', 'Temperatura y cuerpo cortado', 'Ayanna Suarez', 106, 282),
(18, '2021-05-25', '08:24:11', 'Empacho', 'Bertha Mcgowan', 290, 28),
(19, '2021-03-15', '08:51:24', 'Estreñimiento', 'Todd Barron', 20, 299),
(20, '2020-11-09', '22:33:42', 'Gastritis', 'Zenaida Finley', 77, 299),
(21, '2021-03-10', '11:57:14', 'Tos seca', 'Tanya Heath', 27, 37),
(22, '2021-07-03', '08:12:29', 'Dolor de corazón', 'Lee Mullen', 284, 103),
(23, '2021-01-15', '09:43:19', 'Dolor de pies', 'Brett Shepard', 266, 119),
(24, '2021-02-20', '06:47:32', 'Dolor de pies', 'Dominic Cline', 111, 173),
(25, '2021-03-15', '18:15:42', 'Empacho', 'Hayes Diaz', 179, 205),
(26, '2021-01-26', '18:43:05', 'Estreñimiento', 'Anika Holden', 259, 265),
(27, '2021-05-17', '16:58:10', 'Empacho', 'Felicia Taylor', 295, 119),
(28, '2021-04-11', '20:50:12', 'Gastritis', 'Malcolm Shaw', 18, 100),
(29, '2021-05-24', '03:45:45', 'Dolor de riñones', 'Raymond Bryant', 100, 124),
(30, '2021-06-14', '00:50:41', 'Dolor de ojos', 'Ray Valenzuela', 216, 162),
(31, '2021-07-06', '12:40:49', 'Dolor de estómago', 'Leilani Glenn', 24, 187),
(32, '2021-05-31', '00:25:10', 'Dolor de cabeza y problemas para respirar', 'Whoopi Gonzales', 50, 219),
(33, '2021-05-02', '20:40:27', 'Gastritis', 'Herrod Duran', 212, 148),
(34, '2021-07-12', '02:35:17', 'Dolor de corazón', 'Mara Barry', 213, 230),
(35, '2021-07-03', '12:57:24', 'Dolor de riñones', 'Driscoll Gray', 106, 43),
(36, '2021-05-05', '21:16:01', 'Dolor de pies', 'Unity Ryan', 216, 180),
(37, '2020-11-14', '16:09:57', 'Empacho', 'Hedwig Garrett', 15, 251),
(38, '2021-05-28', '09:40:31', 'Dolor de riñones', 'Armando Wyatt', 235, 155),
(39, '2021-01-23', '03:46:06', 'Estreñimiento', 'Melanie Booker', 20, 163),
(40, '2021-07-14', '23:04:18', 'Temperatura y cuerpo cortado', 'Zorita Dickson', 106, 240),
(41, '2021-07-11', '03:14:37', 'Ojos llorosos', 'Wanda Decker', 180, 219),
(42, '2020-10-25', '01:13:38', 'Dolor de hombro', 'Grace Cline', 152, 189),
(43, '2021-04-01', '07:38:05', 'Estreñimiento', 'Ross Bartlett', 42, 230),
(44, '2021-07-27', '16:52:34', 'Gastritis', 'Hanae Owen', 276, 167),
(45, '2021-05-16', '19:33:12', 'Dolor de estómago', 'Justin Michael', 283, 248),
(46, '2021-04-01', '08:16:40', 'Empacho', 'Cally Reid', 100, 255),
(47, '2020-10-11', '20:12:08', 'Ojos llorosos', 'Colton Rosales', 269, 296),
(48, '2020-10-20', '03:12:07', 'Gastritis', 'Brennan Hoover', 110, 272),
(49, '2021-03-27', '21:46:03', 'Empacho', 'Linus Duncan', 104, 226),
(50, '2021-02-10', '22:48:14', 'Gripa', 'Yen Velasquez', 59, 160),
(51, '2021-06-23', '02:32:14', 'Dolor de corazón', 'Owen Lindsey', 206, 172),
(52, '2021-06-13', '17:42:22', 'Dolor de corazón', 'Risa Crane', 174, 277),
(53, '2020-09-06', '06:12:50', 'Dolor de hombro', 'Vivian Green', 123, 81),
(54, '2021-04-12', '06:18:09', 'Gastritis', 'Tyrone Pruitt', 185, 184),
(55, '2021-01-07', '22:03:27', 'Dolor de pies', 'Ross Dejesus', 183, 282),
(56, '2020-12-13', '11:36:22', 'Tos seca', 'Zachary Gilmore', 277, 102),
(57, '2021-06-08', '09:14:51', 'Dolor de pies', 'Kirsten Bullock', 68, 223),
(58, '2021-03-05', '01:38:30', 'Tos seca', 'Hashim Mcgee', 67, 102),
(59, '2020-12-08', '10:49:42', 'Gripa', 'Deborah Welch', 290, 75),
(60, '2021-06-05', '03:35:52', 'Temperatura y cuerpo cortado', 'Nash Roth', 31, 262),
(61, '2021-04-03', '16:13:18', 'Dolor de hombro', 'Christian Mendoza', 243, 278),
(62, '2020-11-20', '21:30:46', 'Tos seca', 'Velma Sherman', 2, 8),
(63, '2021-07-03', '21:37:55', 'Temperatura y cuerpo cortado', 'Susan Duffy', 76, 149),
(64, '2021-01-01', '00:47:38', 'Dolor de ojos', 'Gil Lane', 54, 204),
(65, '2021-03-11', '13:28:05', 'Dolor de pies', 'Bruno Buchanan', 211, 206),
(66, '2021-01-15', '09:05:15', 'Dolor de corazón', 'Bruce Burnett', 114, 233),
(67, '2021-06-09', '03:30:57', 'Gripa', 'Colleen Puckett', 296, 270),
(68, '2021-05-05', '06:29:26', 'Estreñimiento', 'Vaughan Branch', 255, 10),
(69, '2021-05-19', '03:27:37', 'Tos seca', 'Vaughan Farrell', 127, 113),
(70, '2020-12-08', '06:30:36', 'Dolor de corazón', 'Chastity Briggs', 122, 227),
(71, '2021-03-16', '20:26:10', 'Dolor de pies', 'Jermaine Lewis', 168, 235),
(72, '2020-09-05', '10:26:01', 'Ojos llorosos', 'Arden Deleon', 104, 198),
(73, '2021-06-05', '08:20:57', 'Estreñimiento', 'Illana Roman', 2, 30),
(74, '2021-01-07', '03:15:25', 'Dolor de estómago', 'Gil Solomon', 263, 178),
(75, '2020-09-24', '20:24:20', 'Dolor de rodillas', 'Russell Nunez', 166, 58),
(76, '2021-03-24', '06:03:58', 'Empacho', 'Dane Glenn', 58, 294),
(77, '2021-06-08', '03:19:36', 'Empacho', 'Alexis Avery', 46, 12),
(78, '2021-05-21', '01:08:24', 'Dolor de pies', 'Maxwell Simon', 37, 187),
(79, '2021-04-10', '20:30:01', 'Dolor de riñones', 'Nadine Manning', 196, 66),
(80, '2020-11-26', '23:03:31', 'Dolor de riñones', 'Lacota Vargas', 148, 129),
(81, '2020-12-25', '18:42:44', 'Ojos llorosos', 'Omar Barker', 85, 144),
(82, '2020-09-15', '01:06:57', 'Dolor de cabeza y problemas para respirar', 'Hayfa William', 17, 294),
(83, '2021-02-21', '00:41:23', 'Gastritis', 'Judah Ayers', 207, 168),
(84, '2021-04-21', '23:10:35', 'Empacho', 'Stone Bryant', 151, 87),
(85, '2020-10-23', '00:31:16', 'Gastritis', 'Jack Galloway', 79, 193),
(86, '2020-11-10', '09:45:09', 'Temperatura y cuerpo cortado', 'Francis Golden', 151, 145),
(87, '2020-10-30', '19:39:03', 'Dolor de hombro', 'Devin Moss', 48, 221),
(88, '2020-11-09', '02:47:26', 'Dolor de rodillas', 'Carter Brewer', 168, 162),
(89, '2021-01-05', '09:50:16', 'Dolor de riñones', 'Iris Beasley', 83, 150),
(90, '2021-01-09', '08:32:07', 'Gastritis', 'Malcolm Alvarez', 213, 284),
(91, '2021-05-10', '12:06:22', 'Dolor de ojos', 'Carolyn Mann', 152, 47),
(92, '2020-09-25', '19:57:31', 'Dolor de corazón', 'Anjolie Farrell', 87, 79),
(93, '2021-01-23', '07:41:23', 'Temperatura y cuerpo cortado', 'Deacon Lamb', 252, 135),
(94, '2021-07-02', '08:39:41', 'Gripa', 'Sybil King', 291, 240),
(95, '2020-11-17', '12:15:33', 'Dolor de ojos', 'Holly Conway', 81, 215),
(96, '2021-06-07', '05:54:13', 'Dolor de pies', 'Rigel Vinson', 6, 269),
(97, '2020-11-23', '06:15:10', 'Dolor de estómago', 'Burton Baker', 34, 55),
(98, '2021-05-24', '19:25:44', 'Dolor de pies', 'Madeson Trujillo', 192, 101),
(99, '2021-04-05', '07:47:35', 'Dolor de rodillas', 'Imani Knox', 145, 285),
(100, '2021-04-23', '15:09:06', 'Estreñimiento', 'Louis Faulkner', 27, 204),
(101, '2020-12-22', '12:11:26', 'Dolor de estómago', 'Abdul Moran', 250, 191),
(102, '2021-07-01', '12:28:57', 'Dolor de ojos', 'Fredericka Mclaughlin', 68, 114),
(103, '2021-03-18', '11:56:07', 'Dolor de hombro', 'Kamal Dickerson', 259, 179),
(104, '2021-06-29', '00:33:25', 'Tos seca', 'Kimberly Daniel', 196, 278),
(105, '2021-03-08', '17:34:11', 'Gripa', 'Dexter French', 220, 284),
(106, '2020-11-18', '22:26:12', 'Ojos llorosos', 'Graiden Mcleod', 120, 128),
(107, '2021-02-03', '00:05:34', 'Ojos llorosos', 'Clio Garrett', 152, 129),
(108, '2021-07-17', '08:35:55', 'Dolor de estómago', 'Brianna Joyce', 70, 124),
(109, '2021-06-21', '21:47:36', 'Dolor de corazón', 'Martina Crawford', 5, 106),
(110, '2021-02-12', '13:49:29', 'Dolor de pies', 'Yen Harper', 220, 60),
(111, '2021-06-03', '01:57:50', 'Estreñimiento', 'Latifah Slater', 193, 271),
(112, '2021-02-15', '01:37:24', 'Temperatura y cuerpo cortado', 'Zeph Carpenter', 18, 238),
(113, '2021-04-27', '15:11:19', 'Tos seca', 'Amy Randolph', 144, 92),
(114, '2021-04-19', '21:15:59', 'Ojos llorosos', 'Morgan Hensley', 200, 254),
(115, '2021-05-14', '00:05:25', 'Dolor de cabeza y problemas para respirar', 'Keely Cole', 289, 228),
(116, '2021-05-26', '19:28:49', 'Estreñimiento', 'Kaden Yates', 224, 13),
(117, '2021-02-06', '02:07:33', 'Dolor de ojos', 'Chelsea Norris', 226, 104),
(118, '2020-11-17', '14:30:03', 'Estreñimiento', 'Desirae Moreno', 95, 200),
(119, '2020-10-26', '19:13:20', 'Dolor de riñones', 'Martha Rodgers', 292, 270),
(120, '2021-07-20', '01:38:54', 'Dolor de riñones', 'Angelica Mcgowan', 293, 67),
(121, '2021-01-23', '08:18:43', 'Dolor de rodillas', 'Tarik Vincent', 150, 296),
(122, '2020-09-30', '19:20:27', 'Dolor de corazón', 'Brenda Ayers', 18, 236),
(123, '2021-05-14', '01:42:48', 'Gripa', 'Hedley Foley', 211, 35),
(124, '2021-06-06', '20:05:47', 'Dolor de estómago', 'Susan Reed', 89, 63),
(125, '2020-10-06', '00:38:11', 'Empacho', 'Sierra Conley', 217, 203),
(126, '2020-10-21', '04:56:52', 'Dolor de rodillas', 'Ahmed Berger', 221, 109),
(127, '2020-12-09', '11:26:22', 'Dolor de cabeza y problemas para respirar', 'Chancellor Peterson', 85, 120),
(128, '2020-09-10', '10:21:06', 'Estreñimiento', 'Kaitlin Mckinney', 231, 145),
(129, '2020-12-29', '03:59:06', 'Dolor de riñones', 'Brian Flores', 259, 53),
(130, '2021-04-21', '22:09:47', 'Empacho', 'Gisela Thompson', 125, 257),
(131, '2021-01-21', '22:14:45', 'Gripa', 'Darius Parker', 187, 230),
(132, '2021-07-14', '11:48:35', 'Dolor de estómago', 'Melyssa Hicks', 230, 250),
(133, '2021-02-21', '10:02:53', 'Dolor de ojos', 'Britanni Bradley', 70, 153),
(134, '2021-04-10', '19:53:54', 'Gastritis', 'Harding Rivera', 153, 231),
(135, '2021-01-22', '01:40:37', 'Gripa', 'Zachery Ruiz', 132, 140),
(136, '2020-11-01', '03:32:48', 'Dolor de estómago', 'Ruth Mcpherson', 242, 175),
(137, '2021-06-26', '17:43:13', 'Gripa', 'Amela Bender', 68, 236),
(138, '2020-11-14', '23:34:31', 'Dolor de riñones', 'Amery Shelton', 276, 82),
(139, '2020-10-25', '23:04:20', 'Tos seca', 'Thomas Russell', 77, 232),
(140, '2020-11-19', '16:52:43', 'Dolor de pies', 'Rhiannon Byers', 219, 143),
(141, '2021-03-18', '19:52:06', 'Dolor de corazón', 'Mohammad Vargas', 116, 97),
(142, '2021-07-30', '17:04:31', 'Dolor de rodillas', 'Sopoline Talley', 117, 12),
(143, '2021-05-11', '12:48:02', 'Temperatura y cuerpo cortado', 'Peter Graves', 254, 293),
(144, '2020-12-12', '04:31:54', 'Dolor de hombro', 'Shoshana Leblanc', 188, 98),
(145, '2021-04-13', '09:20:21', 'Temperatura y cuerpo cortado', 'Lester Hood', 252, 3),
(146, '2020-10-01', '08:43:06', 'Dolor de hombro', 'Buckminster Morse', 71, 133),
(147, '2020-11-15', '08:00:24', 'Estreñimiento', 'Cain Ayers', 242, 261),
(148, '2021-04-10', '07:55:22', 'Ojos llorosos', 'Jackson Parker', 37, 200),
(149, '2020-12-15', '22:05:17', 'Temperatura y cuerpo cortado', 'Vielka Davidson', 32, 56),
(150, '2020-12-16', '18:43:49', 'Dolor de hombro', 'Jerome Roy', 216, 284),
(151, '2021-05-12', '06:32:43', 'Dolor de ojos', 'Matthew Newton', 217, 88),
(152, '2021-05-02', '17:55:40', 'Empacho', 'Garrison Willis', 48, 278),
(153, '2021-07-27', '18:16:25', 'Tos seca', 'Marshall Lambert', 120, 8),
(154, '2020-09-26', '01:09:42', 'Dolor de rodillas', 'Donna Gillespie', 225, 60),
(155, '2021-01-03', '18:57:02', 'Dolor de pies', 'Arden Phelps', 195, 288),
(156, '2021-01-19', '18:38:37', 'Dolor de riñones', 'Giacomo Dalton', 291, 171),
(157, '2021-05-07', '17:59:57', 'Dolor de cabeza y problemas para respirar', 'Octavius Alvarado', 228, 170),
(158, '2020-10-07', '22:38:00', 'Ojos llorosos', 'Hilel Sears', 190, 70),
(159, '2020-09-27', '01:37:25', 'Dolor de riñones', 'Derek Castillo', 227, 74),
(160, '2021-06-11', '05:51:42', 'Dolor de hombro', 'Lacy Scott', 262, 280),
(161, '2021-06-03', '02:17:45', 'Gripa', 'Carl Calderon', 153, 4),
(162, '2021-07-07', '13:19:39', 'Estreñimiento', 'Claire Thompson', 242, 44),
(163, '2021-05-15', '23:03:53', 'Dolor de cabeza y problemas para respirar', 'Leila Oneil', 3, 155),
(164, '2021-07-14', '14:47:46', 'Dolor de rodillas', 'Justine Aguilar', 210, 243),
(165, '2020-12-28', '05:45:14', 'Dolor de riñones', 'Haviva Avila', 281, 13),
(166, '2021-06-25', '07:14:45', 'Ojos llorosos', 'Amela Humphrey', 241, 20),
(167, '2020-11-27', '12:11:26', 'Dolor de riñones', 'Nash Lloyd', 121, 171),
(168, '2020-10-03', '18:25:19', 'Dolor de riñones', 'Cherokee Becker', 261, 4),
(169, '2021-05-23', '06:41:09', 'Estreñimiento', 'Melvin Barrera', 1, 1),
(170, '2020-09-11', '01:51:40', 'Gastritis', 'Steel Wilcox', 248, 168),
(171, '2021-06-18', '09:04:21', 'Dolor de riñones', 'Shea Grant', 292, 143),
(172, '2020-10-22', '10:44:42', 'Dolor de ojos', 'Ronan Emerson', 260, 61),
(173, '2021-01-29', '20:22:14', 'Gripa', 'Shay Tucker', 212, 95),
(174, '2021-04-30', '17:30:29', 'Ojos llorosos', 'Idola Wooten', 99, 198),
(175, '2021-07-11', '07:45:46', 'Temperatura y cuerpo cortado', 'Vielka Stanton', 43, 167),
(176, '2021-01-30', '12:37:25', 'Dolor de corazón', 'Malcolm Dalton', 35, 235),
(177, '2020-12-10', '17:34:55', 'Dolor de ojos', 'Amela Perez', 189, 246),
(178, '2021-05-12', '12:16:01', 'Dolor de corazón', 'Hyatt Hanson', 279, 244),
(179, '2020-11-16', '07:06:55', 'Ojos llorosos', 'Michelle Bridges', 268, 52),
(180, '2021-02-09', '04:34:34', 'Estreñimiento', 'Lareina Browning', 268, 267),
(181, '2020-10-26', '00:44:00', 'Gripa', 'Driscoll Shelton', 38, 15),
(182, '2021-02-07', '21:04:22', 'Dolor de estómago', 'Regina White', 195, 30),
(183, '2020-10-12', '19:31:26', 'Dolor de riñones', 'Hilary Barker', 230, 300),
(184, '2020-09-22', '06:06:37', 'Dolor de cabeza y problemas para respirar', 'Howard Mooney', 245, 9),
(185, '2021-02-18', '20:27:06', 'Dolor de riñones', 'Mannix Moon', 235, 299),
(186, '2021-07-08', '04:55:14', 'Dolor de cabeza y problemas para respirar', 'Jena Good', 91, 199),
(187, '2021-05-18', '19:42:42', 'Dolor de corazón', 'Cyrus Porter', 241, 250),
(188, '2021-05-23', '02:05:34', 'Dolor de cabeza y problemas para respirar', 'Holly Gill', 256, 18),
(189, '2020-10-07', '01:03:04', 'Dolor de pies', 'Henry Kemp', 98, 139),
(190, '2021-07-02', '03:18:21', 'Empacho', 'Olympia Cummings', 58, 233),
(191, '2021-07-20', '18:49:28', 'Dolor de hombro', 'Madeson Hill', 62, 22),
(192, '2020-09-28', '21:58:54', 'Dolor de ojos', 'Quentin Hansen', 244, 264),
(193, '2021-02-17', '00:44:18', 'Dolor de rodillas', 'Karleigh Andrews', 72, 65),
(194, '2021-07-21', '07:37:12', 'Dolor de cabeza y problemas para respirar', 'Kevin Watson', 2, 216),
(195, '2021-05-09', '03:09:37', 'Temperatura y cuerpo cortado', 'Rudyard Barnett', 113, 48),
(196, '2020-11-29', '06:11:10', 'Ojos llorosos', 'Craig Benton', 88, 198),
(197, '2020-11-30', '06:13:34', 'Dolor de corazón', 'Jarrod Burgess', 75, 213),
(198, '2020-09-25', '03:51:23', 'Empacho', 'Chanda Newton', 246, 132),
(199, '2021-02-05', '01:04:31', 'Dolor de estómago', 'Bert Powers', 115, 141),
(200, '2021-05-10', '04:03:57', 'Dolor de estómago', 'Caleb Talley', 115, 206),
(201, '2020-10-26', '08:22:16', 'Gripa', 'Fallon Gilmore', 170, 250),
(202, '2021-05-31', '07:17:09', 'Gastritis', 'Florence Washington', 56, 287),
(203, '2021-07-05', '05:22:03', 'Tos seca', 'Joy Owens', 256, 249),
(204, '2020-11-26', '05:53:59', 'Dolor de ojos', 'Jillian Floyd', 298, 57),
(205, '2020-12-04', '11:43:35', 'Dolor de riñones', 'Lesley Sweet', 264, 145),
(206, '2020-12-18', '17:35:20', 'Ojos llorosos', 'Elmo Blanchard', 184, 85),
(207, '2021-03-26', '03:48:47', 'Tos seca', 'Serena Murray', 209, 111),
(208, '2021-07-12', '15:46:23', 'Dolor de rodillas', 'Upton Austin', 244, 168),
(209, '2021-05-07', '22:22:00', 'Dolor de pies', 'Chloe Baxter', 86, 148),
(210, '2021-07-09', '06:30:45', 'Gastritis', 'Hashim Scott', 269, 224),
(211, '2021-06-28', '04:55:54', 'Gripa', 'Paki Bailey', 199, 184),
(212, '2021-06-09', '07:42:24', 'Dolor de cabeza y problemas para respirar', 'Merritt Workman', 211, 32),
(213, '2021-01-17', '15:30:32', 'Dolor de ojos', 'Clayton Sutton', 226, 133),
(214, '2021-05-06', '21:40:30', 'Dolor de estómago', 'Lee Rios', 28, 6),
(215, '2021-07-06', '02:27:24', 'Dolor de riñones', 'Wynne Lawrence', 16, 161),
(216, '2020-10-27', '12:56:56', 'Empacho', 'Griffin Pate', 257, 107),
(217, '2021-03-28', '22:05:15', 'Temperatura y cuerpo cortado', 'Cairo Travis', 11, 257),
(218, '2021-01-27', '14:49:47', 'Dolor de rodillas', 'Cedric Phillips', 164, 293),
(219, '2021-04-21', '02:16:36', 'Gastritis', 'Stewart Marsh', 50, 25),
(220, '2021-02-05', '18:08:41', 'Dolor de cabeza y problemas para respirar', 'Michael Buchanan', 28, 28),
(221, '2020-12-13', '03:39:06', 'Dolor de riñones', 'Magee Stout', 252, 90),
(222, '2021-06-05', '11:36:39', 'Dolor de cabeza y problemas para respirar', 'Yen Daniels', 33, 97),
(223, '2020-10-21', '07:13:01', 'Dolor de riñones', 'Wynne Stein', 227, 296),
(224, '2020-10-14', '10:20:35', 'Dolor de ojos', 'Lavinia Soto', 259, 83),
(225, '2021-01-15', '11:22:36', 'Tos seca', 'Ciara Huffman', 166, 38),
(226, '2021-06-12', '14:55:50', 'Ojos llorosos', 'Kennan Oliver', 178, 278),
(227, '2021-04-05', '16:10:52', 'Dolor de corazón', 'Kaye Ferguson', 241, 197),
(228, '2021-05-04', '10:48:15', 'Estreñimiento', 'Montana Lynch', 91, 75),
(229, '2021-05-03', '15:39:09', 'Dolor de corazón', 'Hashim Castro', 284, 109),
(230, '2020-12-08', '12:05:57', 'Temperatura y cuerpo cortado', 'Xantha Barrett', 67, 217),
(231, '2020-09-03', '12:11:22', 'Gripa', 'Orlando Navarro', 167, 28),
(232, '2021-02-03', '08:58:37', 'Temperatura y cuerpo cortado', 'Aimee Barron', 95, 74),
(233, '2021-04-03', '13:43:24', 'Dolor de pies', 'Mollie Ellis', 265, 283),
(234, '2021-04-06', '19:35:40', 'Ojos llorosos', 'Hiram Houston', 138, 220),
(235, '2020-12-26', '11:15:32', 'Tos seca', 'Daryl Burton', 46, 204),
(236, '2021-05-30', '06:17:46', 'Temperatura y cuerpo cortado', 'Rana Grimes', 47, 218),
(237, '2021-06-05', '18:09:14', 'Gripa', 'Brenna Charles', 97, 12),
(238, '2021-05-15', '04:47:20', 'Dolor de hombro', 'Grace Bright', 268, 103),
(239, '2020-09-18', '06:52:55', 'Estreñimiento', 'Fallon Camacho', 248, 253),
(240, '2020-10-16', '18:59:44', 'Dolor de pies', 'Ariana Guzman', 14, 191),
(241, '2021-05-11', '03:14:36', 'Gastritis', 'Larissa Hernandez', 49, 101),
(242, '2020-11-14', '09:40:19', 'Dolor de estómago', 'Sasha Mclaughlin', 27, 169),
(243, '2020-12-10', '01:05:32', 'Ojos llorosos', 'Teagan Cochran', 168, 69),
(244, '2021-06-18', '04:55:54', 'Estreñimiento', 'Scott Conner', 132, 216),
(245, '2021-04-11', '17:35:01', 'Empacho', 'Rashad Moore', 101, 228),
(246, '2021-01-20', '16:58:09', 'Dolor de corazón', 'Tanya Carver', 233, 38),
(247, '2021-05-29', '16:28:46', 'Tos seca', 'Priscilla Edwards', 219, 57),
(248, '2021-07-04', '14:09:22', 'Temperatura y cuerpo cortado', 'Aladdin Fitzpatrick', 111, 229),
(249, '2021-01-05', '06:27:13', 'Dolor de corazón', 'Blaze Hayes', 53, 175),
(250, '2021-02-23', '13:12:46', 'Dolor de estómago', 'Connor Hendricks', 248, 191),
(251, '2020-11-24', '00:41:39', 'Dolor de riñones', 'Sade Morris', 43, 192),
(252, '2020-10-16', '19:30:09', 'Dolor de hombro', 'Karina Barron', 81, 202),
(253, '2020-12-20', '12:52:39', 'Empacho', 'Teegan Dickerson', 245, 19),
(254, '2020-11-23', '06:03:10', 'Temperatura y cuerpo cortado', 'Marcia Doyle', 100, 7),
(255, '2021-04-19', '08:06:08', 'Dolor de hombro', 'Illiana Kirk', 171, 136),
(256, '2020-11-08', '21:28:22', 'Dolor de corazón', 'Amy Mcgee', 234, 281),
(257, '2021-03-01', '08:19:40', 'Ojos llorosos', 'Ishmael Wilkins', 215, 69),
(258, '2021-02-18', '14:23:46', 'Gastritis', 'Carson Newman', 13, 217),
(259, '2021-04-27', '18:28:26', 'Dolor de ojos', 'Florence Landry', 135, 173),
(260, '2020-09-01', '13:18:59', 'Dolor de riñones', 'Philip Mcguire', 71, 235),
(261, '2021-03-26', '15:03:41', 'Gastritis', 'Isabelle Beck', 171, 283),
(262, '2021-07-20', '07:49:09', 'Dolor de hombro', 'Emery Larson', 182, 244),
(263, '2021-05-17', '16:27:33', 'Dolor de cabeza y problemas para respirar', 'Edward Cortez', 192, 123),
(264, '2021-01-09', '05:50:13', 'Dolor de ojos', 'Grant Burt', 150, 107),
(265, '2020-09-13', '21:54:42', 'Estreñimiento', 'Geoffrey Larson', 45, 29),
(266, '2021-04-16', '17:47:12', 'Gripa', 'Robin Sanchez', 245, 203),
(267, '2021-05-09', '22:52:40', 'Empacho', 'Clarke Russo', 227, 267),
(268, '2021-07-15', '14:34:45', 'Gastritis', 'Serina Decker', 11, 150),
(269, '2020-09-09', '18:58:58', 'Gripa', 'Daphne Curtis', 30, 187),
(270, '2021-03-05', '16:52:02', 'Tos seca', 'Liberty Justice', 85, 138),
(271, '2020-09-02', '01:21:51', 'Ojos llorosos', 'Gage Rush', 201, 193),
(272, '2021-05-15', '21:18:40', 'Dolor de ojos', 'Roth Horn', 96, 41),
(273, '2020-10-17', '23:14:32', 'Dolor de pies', 'Hoyt Osborne', 193, 232),
(274, '2021-01-02', '14:40:49', 'Temperatura y cuerpo cortado', 'Germane Mays', 270, 213),
(275, '2021-04-17', '00:10:37', 'Gripa', 'Kyla Sheppard', 11, 297),
(276, '2021-03-25', '08:09:50', 'Dolor de estómago', 'Blake Serrano', 135, 176),
(277, '2020-12-15', '18:07:10', 'Ojos llorosos', 'Jacob Baird', 281, 13),
(278, '2021-06-18', '11:48:07', 'Empacho', 'Ezra Harrison', 282, 214),
(279, '2021-06-26', '10:01:19', 'Estreñimiento', 'Oscar Jackson', 206, 140),
(280, '2021-02-15', '16:17:57', 'Dolor de pies', 'Robert Lambert', 198, 24),
(281, '2021-06-18', '03:27:21', 'Tos seca', 'Ali Acosta', 171, 46),
(282, '2021-01-19', '15:34:09', 'Tos seca', 'James Nolan', 76, 277),
(283, '2021-03-17', '15:07:47', 'Dolor de rodillas', 'Carson Jennings', 17, 33),
(284, '2020-09-15', '00:09:54', 'Dolor de cabeza y problemas para respirar', 'Logan Rodriquez', 52, 247),
(285, '2020-09-29', '19:35:34', 'Gripa', 'Pamela Garner', 165, 299),
(286, '2020-11-17', '08:02:21', 'Dolor de hombro', 'Conan Curtis', 199, 34),
(287, '2020-10-19', '06:26:35', 'Dolor de ojos', 'Tanek Stanley', 105, 26),
(288, '2021-01-07', '23:23:16', 'Dolor de corazón', 'Rebecca Tanner', 279, 176),
(289, '2020-11-27', '09:16:17', 'Empacho', 'Noble Cole', 118, 148),
(290, '2021-01-19', '01:41:05', 'Dolor de corazón', 'Hilary Terry', 227, 58),
(291, '2020-09-08', '01:36:17', 'Dolor de cabeza y problemas para respirar', 'Abdul Molina', 242, 242),
(292, '2020-10-19', '02:14:01', 'Temperatura y cuerpo cortado', 'Casey Spencer', 125, 273),
(293, '2021-02-01', '19:23:36', 'Dolor de corazón', 'Magee Horne', 156, 8),
(294, '2021-05-25', '02:43:42', 'Dolor de ojos', 'Vance Patterson', 79, 48),
(295, '2021-03-04', '13:23:47', 'Gripa', 'Jolie Bray', 210, 300),
(296, '2021-05-16', '17:19:16', 'Dolor de estómago', 'Octavia Abbott', 99, 106),
(297, '2021-05-17', '13:33:08', 'Dolor de corazón', 'Cain Cummings', 234, 12),
(298, '2021-01-14', '15:22:04', 'Tos seca', 'Nathaniel George', 266, 81),
(299, '2020-09-01', '05:02:58', 'Gastritis', 'Nolan Joseph', 32, 23),
(300, '2021-02-08', '09:05:59', 'Dolor de estómago', 'Judith Joseph', 118, 64),
(301, '2021-08-18', '11:12:00', 'Dolor de cabeza', 'Ivy Quechol', 8, 102),
(302, '2021-08-18', '11:12:00', 'Dolor de cabeza', 'Ivy Quechol', 8, 102),
(303, '2021-08-18', '11:12:00', 'Dolor de cabeza', 'Ivy Quechol', 8, 102),
(304, '2021-08-18', '11:12:00', 'Dolor de cabeza', 'Ivy Quechol', 8, 102),
(305, '2021-08-18', '11:12:00', 'Dolor de cabeza', 'Ivy Quechol', 8, 102),
(306, '2021-08-18', '11:12:00', 'Dolor de cabeza', 'Ivy Quechol', 8, 102),
(307, '2021-08-05', '11:14:00', 'Dolor de muela', 'Ivy Quechol', 8, 55),
(308, '2021-08-05', '11:14:00', 'Dolor de muela', 'Ivy Quechol', 8, 55);

-- --------------------------------------------------------

--
-- Estructura de tabla para la tabla `doctor`
--

CREATE TABLE `doctor` (
  `idDoctor` int(5) NOT NULL,
  `Nombre` varchar(40) NOT NULL,
  `Apaterno` varchar(40) NOT NULL,
  `Amaterno` varchar(40) NOT NULL,
  `FN` date NOT NULL,
  `Cedula` int(9) NOT NULL,
  `Especialidad` varchar(40) NOT NULL,
  `CostoConsulta` double(5,2) NOT NULL,
  `Telefono` varchar(10) NOT NULL,
  `Calle` varchar(50) NOT NULL,
  `Municipio` varchar(50) NOT NULL,
  `Estado` varchar(50) NOT NULL,
  `Sexo` enum('M','F') NOT NULL,
  `Experiencia` text NOT NULL,
  `Correo` varchar(50) NOT NULL,
  `Password` varchar(50) NOT NULL
) ENGINE=InnoDB DEFAULT CHARSET=utf8;

--
-- Volcado de datos para la tabla `doctor`
--

INSERT INTO `doctor` (`idDoctor`, `Nombre`, `Apaterno`, `Amaterno`, `FN`, `Cedula`, `Especialidad`, `CostoConsulta`, `Telefono`, `Calle`, `Municipio`, `Estado`, `Sexo`, `Experiencia`, `Correo`, `Password`) VALUES
(1, 'Ila', 'Maravilla', 'Bolaños', '1969-12-31', 10443222, 'Toxicología', 450.00, '16381010 1', '60055 Brody Springs', 'IXTENCO', 'San Luis Potosí', 'F', 'Egresado de la UNAM', 'cursus@maurisSuspendissealiquet.edu', '1234\r\n'),
(2, 'Hiroko', 'Cruz', 'Lander', '1969-12-31', 10746212, 'Pediatría', 629.00, '16830426 3', '60534 Casper Forges Apt. 612', 'PANOTLA', 'Chihuahua', 'F', 'Egrese de la UPTx', 'suscipit.est.ac@nequesed.org', 'UKP00ZAM7XD\r'),
(3, 'Callum', 'Angulo', 'Galindo', '1969-12-31', 10902562, 'Genética', 742.00, '16210708 2', '23507 Edythe Loop Suite 522', 'NATIVITAS', 'Ciudad de México', 'M', 'Recién egresado', 'sollicitudin.a@dignissimmagnaa.net', 'FOD61VQY0WW\r'),
(4, 'Kylee', 'Angulo', 'Aguirre', '1969-12-31', 10853877, 'Neumología', 313.00, '16840530 0', '6905 Ariel Spur', 'CALPULALPAN', 'Tabasco', 'F', 'Egresado de la UNAM', 'Etiam.vestibulum.massa@Nullamvelit.co.uk', 'MPW59TRF3MM\r'),
(5, 'Samson', 'Cruz', 'Maravilla', '1969-12-31', 10574282, 'Cardiología', 327.00, '16670603 7', '60055 Brody Springs', 'ALTZAYANCA', 'Guanajuato', 'F', 'Cuento con 6 doctorados', 'sem@iaculis.net', 'CEX48RUP9RY\r'),
(6, 'Giacomo', 'Quechol', 'Fernandez', '1969-12-31', 10295491, 'Hepatología', 639.00, '16930227 5', '631 Zoey Orchard Suite 288', 'TEPEYANCO', 'Zacatecas', 'M', 'Recién egresado', 'auctor@interdumSed.co.uk', 'PFX30MLD7QE\r'),
(7, 'Idola', 'Fernandez', 'Juarez', '1969-12-31', 10500798, 'Angiología', 400.00, '16090902 6', '3549 Upton Island Suite 364', 'NATIVITAS', 'Sinaloa', 'M', 'Estoy estudiando la maestría', 'fringilla.est@sapienAeneanmassa.edu', 'YVS76BXK6TZ\r'),
(8, 'Adria', 'Navarro', 'Cruz', '1969-12-31', 10515966, 'Endocrinología', 174.00, '16530229 3', '6905 Ariel Spur', 'PANOTLA', 'Sinaloa', 'F', 'Egrese de la UPTx', 'eu@ideratEtiam.ca', 'WZW42IAA8ZR\r'),
(9, 'Jonah', 'Aguirre', 'Cruz', '1969-12-31', 10561379, 'Estomatología', 550.00, '16671206 7', '10443 Boyer Crest', 'CUAXOMULCO', 'Guanajuato', 'F', 'Egrese de la UPTx', 'ac@sedturpis.net', 'ZDZ78CQM6SP\r'),
(10, 'Tad', 'Rosas', 'Torres', '1969-12-31', 10699165, 'Nutriología', 487.00, '16870315 3', '3549 Upton Island Suite 364', 'APIZACO', 'Sonora', 'F', 'Recién egresado', 'massa.Integer@natoquepenatibus.org', 'BDG52CUV5OK\r'),
(11, 'Gretchen', 'Cruz', 'Quechol', '1969-12-31', 10899239, 'Geriatría', 702.00, '16690117 3', '60055 Brody Springs', 'TERRENATE', 'Sonora', 'F', 'Egrese de la UPTx', 'vel.nisl@mifelisadipiscing.co.uk', 'OBQ03XFL6MA\r'),
(12, 'Kato', 'Zamora', 'Angulo', '1969-12-31', 10856972, 'Endocrinología', 685.00, '16840125 6', '96970 Isom Lights', 'CUAPIAXTLA', 'Quintana Ro', 'M', 'Egrese de la UPTx', 'parturient.montes.nascetur@Crassed.org', 'APB79EOO6XK\r'),
(13, 'Deborah', 'Maravilla', 'Fernandez', '1969-12-31', 10061655, 'Hepatología', 263.00, '16090824 1', '60055 Brody Springs', 'ATLANGATEPEC', 'Colima', 'M', 'Recién egresado', 'metus.Aenean@luctus.co.uk', 'XIU46TKD0YQ\r'),
(14, 'Logan', 'Lander', 'Salinas', '1969-12-31', 10829899, 'Hepatología', 310.00, '16390219 1', '23507 Edythe Loop Suite 522', 'CUAPIAXTLA', 'Ciudad de México', 'F', 'Recién egresado', 'Donec.tincidunt@id.edu', 'KRQ42NHM3AW\r'),
(15, 'Yasir', 'Salinas', 'Aguirre', '1969-12-31', 11027569, 'Endocrinología', 928.00, '16060729 1', '60534 Casper Forges Apt. 612', 'ATLANGATEPEC', 'Oaxaca', 'M', 'Cuento con 6 doctorados', 'non.quam@sociisnatoquepenatibus.net', 'PUU95NKG6TZ\r'),
(16, 'Zachary', 'Galindo', 'Navarro', '1969-12-31', 10186785, 'Angiología', 113.00, '16021010 0', '59301 Michale Manor', 'CALPULALPAN', 'Chiapas', 'F', 'Estoy estudiando la maestría', 'magna@ipsumSuspendisse.ca', 'WVQ95AUB9SX\r'),
(17, 'Faith', 'Bolaños', 'Navarro', '1969-12-31', 10028241, 'Hepatología', 594.00, '16410805 7', '60534 Casper Forges Apt. 612', 'NATIVITAS', 'Querétaro', 'F', 'Cuento con 6 doctorados', 'bibendum.sed.est@malesuada.co.uk', 'BYY95RFY0KJ\r'),
(18, 'Kai', 'Aguirre', 'Cruz', '1969-12-31', 10895205, 'Anestesiología', 160.00, '16740608 5', '60055 Brody Springs', 'TERRENATE', 'San Luis Potosí', 'F', 'Estoy estudiando la maestría', 'arcu.Curabitur@nonummy.net', 'DUA57SOE6VC\r'),
(19, 'Tiger', 'Zamora', 'Fernandez', '1969-12-31', 10059695, 'Nutriología', 986.00, '16880917 8', '974 Tamia Motorway Suite 745', 'TEPEYANCO', 'Morelos', 'F', 'Estoy estudiando la maestría', 'lacus.Ut.nec@Nulla.org', 'NAZ27ZAP0EX\r'),
(20, 'Zephr', 'Galindo', 'Maravilla', '1969-12-31', 10498706, 'Geriatría', 741.00, '16660630 5', '3549 Upton Island Suite 364', 'ALTZAYANCA', 'Morelos', 'M', 'Egrese de la UPTx', 'enim@luctuset.net', 'JDG97KNP1YX\r'),
(21, 'Jordan', 'Fuentes', 'Fernandez', '1969-12-31', 10114348, 'Toxicología', 401.00, '16470429 7', '6905 Ariel Spur', 'APETATITLÁN DE ANTONIO CARVAJAL', 'Tlaxcala', 'F', 'Cuento con 6 doctorados', 'amet@duiaugue.ca', 'CHY59XSY0CF\r'),
(22, 'Kristen', 'Quechol', 'Aguirre', '1969-12-31', 10597436, 'Angiología', 425.00, '16050406 5', '6905 Ariel Spur', 'CUAXOMULCO', 'Tlaxcala', 'M', 'Egrese de la UPTx', 'nec.cursus.a@volutpat.net', 'CDL17UJZ5ZZ\r'),
(23, 'Len', 'Aguirre', 'Fuentes', '1969-12-31', 10861810, 'Cardiología', 303.00, '16560530 4', '10443 Boyer Crest', 'EL CARMEN TEQUEXQUITLA', 'Nuevo León', 'M', 'Egrese de la UPTx', 'lacinia.mattis@imperdietdictum.net', 'IBQ02QEX8IC\r'),
(24, 'Signe', 'Angulo', 'Aguilar', '1969-12-31', 10542695, 'Hematología', 992.00, '16270811 7', '60534 Casper Forges Apt. 612', 'TEOLOCHOLCO', 'Quintana Ro', 'M', 'Estoy estudiando la maestría', 'penatibus.et.magnis@eteuismodet.org', 'HIU61KEI0HK\r'),
(25, 'Scott', 'Fernandez', 'Angulo', '1969-12-31', 11045782, 'Neumología', 818.00, '16390909 6', '96970 Isom Lights', 'ATLANGATEPEC', 'Baja California Sur', 'M', 'Egrese de la UPTx', 'tempor@commodoatlibero.net', 'AQQ98VXN9FC\r'),
(26, 'Imelda', 'Fuentes', 'Salinas', '1969-12-31', 10301398, 'Anestesiología', 620.00, '16040228 2', '60055 Brody Springs', 'CALPULALPAN', 'Yucatán', 'F', 'Recién egresado', 'arcu.Sed.et@Nuncmauris.com', 'SST67MBC7VU\r'),
(27, 'Yvette', 'Galindo', 'Maravilla', '1969-12-31', 10517106, 'Infectología', 468.00, '16161020 7', '96970 Isom Lights', 'TERRENATE', 'Nayarit', 'F', 'Estoy estudiando la maestría', 'feugiat.tellus.lorem@in.co.uk', 'IFQ95SNU4ZE\r'),
(28, 'Kermit', 'Eliosa', 'Navarro', '1969-12-31', 10336627, 'Reumatología', 204.00, '16510124 3', '96970 Isom Lights', 'NATIVITAS', 'Baja California Sur', 'M', 'Estoy estudiando la maestría', 'mattis.ornare.lectus@liberoat.org', 'OAK66IZL3LD\r'),
(29, 'Bradley', 'Maravilla', 'Lander', '1969-12-31', 10122660, 'Toxicología', 517.00, '16651229 1', '6905 Ariel Spur', 'IXTACUIXTLA DE MARIANO MATAMOROS', 'Estado de México', 'F', 'Egresado de la UNAM', 'vulputate.nisi@loremvitae.co.uk', 'XEQ10EXD7UN\r'),
(30, 'Haviva', 'Juarez', 'Angulo', '1969-12-31', 10733686, 'Neumología', 424.00, '16690925 7', '60055 Brody Springs', 'ATLANGATEPEC', 'Quintana Ro', 'M', 'Cuento con 6 doctorados', 'nunc.ullamcorper.eu@massaSuspendisseeleifend.net', 'MXV11THJ5MD\r'),
(31, 'Marsden', 'Aguirre', 'Bolaños', '1969-12-31', 10444766, 'Neumología', 571.00, '16700828 4', '974 Tamia Motorway Suite 745', 'ALTZAYANCA', 'Baja California Sur', 'F', 'Cuento con 6 doctorados', 'Nullam.vitae.diam@Maurisutquam.net', 'WBR06RAE6ZT\r'),
(32, 'Jayme', 'Aguilar', 'Lander', '1969-12-31', 10999048, 'Genética', 795.00, '16580720 9', '23507 Edythe Loop Suite 522', 'IXTACUIXTLA DE MARIANO MATAMOROS', 'Chiapas', 'F', 'Egresado de la UNAM', 'mauris@Craslorem.co.uk', 'MTL51FFS9AM\r'),
(33, 'Maia', 'Eliosa', 'Quechol', '1969-12-31', 10478826, 'Pediatría', 361.00, '16330105 0', '10443 Boyer Crest', 'CHIAUTEMPAN', 'Veracruz', 'F', 'Estoy estudiando la maestría', 'sociis@orciUtsagittis.net', 'RRW31CPP8EP\r'),
(34, 'Irma', 'Rosas', 'Quechol', '1969-12-31', 10805685, 'Reumatología', 289.00, '16020118 0', '60534 Casper Forges Apt. 612', 'CALPULALPAN', 'Chihuahua', 'M', 'Egresado de la UNAM', 'sit@massaQuisque.co.uk', 'ANH69YIZ5OK\r'),
(35, 'Herman', 'Zamora', 'Fernandez', '1969-12-31', 10072115, 'Pediatría', 476.00, '16321007 5', '974 Tamia Motorway Suite 745', 'TENANCINGO', 'Sonora', 'F', 'Recién egresado', 'Donec@idante.ca', 'RBU28MUW6KW\r'),
(36, 'Jarrod', 'Aguirre', 'Aguilar', '1969-12-31', 10443739, 'Nutriología', 572.00, '16250814 0', '96970 Isom Lights', 'PANOTLA', 'Zacatecas', 'M', 'Egrese de la UPTx', 'et.pede.Nunc@Crasvehicula.edu', 'KGE11FJO2CI\r'),
(37, 'Farrah', 'Angulo', 'Quechol', '1969-12-31', 10955503, 'Reumatología', 955.00, '16681101 8', '6905 Ariel Spur', 'CUAXOMULCO', 'Tabasco', 'F', 'Egrese de la UPTx', 'condimentum.Donec@Vivamus.com', 'IWP68KXX5YR\r'),
(38, 'Amir', 'Rosas', 'Bolaños', '1969-12-31', 10110362, 'Psiquiatría', 363.00, '16910117 1', '6905 Ariel Spur', 'TEOLOCHOLCO', 'Morelos', 'M', 'Estoy estudiando la maestría', 'sagittis.Duis@nibhQuisquenonummy.net', 'LOK24EPF6WN\r'),
(39, 'Sharon', 'Salinas', 'Aguirre', '1969-12-31', 11002320, 'Estomatología', 758.00, '16440423 1', '3549 Upton Island Suite 364', 'AMAXAC DE GUERRERO', 'Durango', 'F', 'Recién egresado', 'non.sollicitudin@volutpatNullafacilisis.co.uk', 'TOA30VUU1KX\r'),
(40, 'Lance', 'Fernandez', 'Bolaños', '1969-12-31', 10975776, 'Nutriología', 888.00, '16881124 4', '3549 Upton Island Suite 364', 'IXTENCO', 'Tamaulipas', 'F', 'Egresado de la UNAM', 'augue.id@Phaselluselitpede.co.uk', 'FPC92VLD6JS\r'),
(41, 'Ralph', 'Cruz', 'Angulo', '1969-12-31', 10213152, 'Cardiología', 479.00, '16880309 7', '631 Zoey Orchard Suite 288', 'TEPEYANCO', 'Estado de México', 'F', 'Egrese de la UPTx', 'ridiculus@maurissapiencursus.edu', 'ADZ16XEI4US\r'),
(42, 'Bert', 'Lander', 'Aguilar', '1969-12-31', 10827051, 'Pediatría', 306.00, '16410419 1', '59301 Michale Manor', 'CALPULALPAN', 'Ciudad de México', 'M', 'Egresado de la UNAM', 'risus.at@sem.ca', 'KHT18OBC5XB\r'),
(43, 'Seth', 'Salinas', 'Aguilar', '1969-12-31', 10439180, 'Toxicología', 836.00, '16631204 8', '10443 Boyer Crest', 'ALTZAYANCA', 'San Luis Potosí', 'M', 'Cuento con 6 doctorados', 'Integer.sem.elit@turpis.ca', 'RAC01KEF7GN\r'),
(44, 'Darius', 'Quechol', 'Maravilla', '1969-12-31', 10445505, 'Hepatología', 672.00, '16650601 3', '52264 Adolfo Road Apt. 697', 'ALTZAYANCA', 'Campeche', 'M', 'Egresado de la UNAM', 'a.scelerisque@turpisegestas.ca', 'ELD34MES2VE\r'),
(45, 'Charity', 'Lander', 'Salinas', '1969-12-31', 10515336, 'Pediatría', 899.00, '16670715 2', '60534 Casper Forges Apt. 612', 'TEPEYANCO', 'Guanajuato', 'F', 'Egrese de la UPTx', 'aliquam.enim.nec@etipsumcursus.co.uk', 'IMQ75RUO2YA\r'),
(46, 'Hayes', 'Galindo', 'Torres', '1969-12-31', 10702673, 'Pediatría', 362.00, '16401110 0', '6905 Ariel Spur', 'IXTACUIXTLA DE MARIANO MATAMOROS', 'Tamaulipas', 'M', 'Egrese de la UPTx', 'nunc.interdum.feugiat@atnisi.co.uk', 'SBW50AFR0HC\r'),
(47, 'Sacha', 'Fuentes', 'Aguirre', '1969-12-31', 10685872, 'Estomatología', 674.00, '16350708 2', '631 Zoey Orchard Suite 288', 'NATIVITAS', 'Tabasco', 'F', 'Egrese de la UPTx', 'est.vitae.sodales@luctuslobortisClass.co.uk', 'TFH54YQP4MB\r'),
(48, 'Kane', 'Zamora', 'Navarro', '1969-12-31', 10162212, 'Nutriología', 680.00, '16940530 5', '631 Zoey Orchard Suite 288', 'CUAXOMULCO', 'Hidalgo', 'M', 'Egrese de la UPTx', 'Mauris@Duis.org', 'EVG41ZLP3DN\r'),
(49, 'Hoyt', 'Zamora', 'Aguilar', '1969-12-31', 11097714, 'Reumatología', 345.00, '16080311 7', '631 Zoey Orchard Suite 288', 'TEPEYANCO', 'Jalisco', 'F', 'Estoy estudiando la maestría', 'justo.Praesent.luctus@ipsumPhasellusvitae.net', 'IQY65KUI9OZ\r'),
(50, 'Xavier', 'Rosas', 'Fuentes', '1969-12-31', 10612041, 'Infectología', 447.00, '16391225 4', '23507 Edythe Loop Suite 522', 'TEPEYANCO', 'Chihuahua', 'M', 'Estoy estudiando la maestría', 'In@Nullamvelitdui.edu', 'JLO58OQL6EO\r'),
(51, 'Constance', 'Zamora', 'Cruz', '1969-12-31', 10884021, 'Toxicología', 372.00, '16920810 1', '23507 Edythe Loop Suite 522', 'CUAXOMULCO', 'Durango', 'M', 'Estoy estudiando la maestría', 'vel@etultrices.ca', 'VKK10KSL1RR\r'),
(52, 'Zane', 'Zamora', 'Salinas', '1969-12-31', 10085081, 'Gastroenterología', 486.00, '16300222 2', '974 Tamia Motorway Suite 745', 'IXTACUIXTLA DE MARIANO MATAMOROS', 'Quintana Ro', 'F', 'Estoy estudiando la maestría', 'Donec@dictummagna.ca', 'BFT82YWS7PI\r'),
(53, 'Nerea', 'Fuentes', 'Fuentes', '1969-12-31', 10896544, 'Genética', 312.00, '16500310 5', '96970 Isom Lights', 'APIZACO', 'Baja California', 'F', 'Egresado de la UNAM', 'ut.odio@magnaLoremipsum.edu', 'SOW94LPR2KS\r'),
(54, 'Tyler', 'Cruz', 'Quechol', '1969-12-31', 11050894, 'Estomatología', 693.00, '16590624 0', '59301 Michale Manor', 'CHIAUTEMPAN', 'Coahuila', 'M', 'Egresado de la UNAM', 'odio@velarcu.net', 'BOA03XTW1GX\r'),
(55, 'Zane', 'Bolaños', 'Salinas', '1969-12-31', 10447743, 'Hematología', 672.00, '16440302 9', '60534 Casper Forges Apt. 612', 'IXTENCO', 'Aguascalientes', 'M', 'Estoy estudiando la maestría', 'et.magnis.dis@porttitorscelerisque.ca', 'FZZ60UES7BR\r'),
(56, 'Dalton', 'Galindo', 'Fernandez', '1969-12-31', 10093354, 'Toxicología', 282.00, '16820708 4', '23507 Edythe Loop Suite 522', 'CUAPIAXTLA', 'Sinaloa', 'M', 'Estoy estudiando la maestría', 'Nam.nulla.magna@Donec.edu', 'PEH16TTG9IY\r'),
(57, 'Lareina', 'Salinas', 'Maravilla', '1969-12-31', 10676276, 'Infectología', 152.00, '16571106 5', '631 Zoey Orchard Suite 288', 'CHIAUTEMPAN', 'Chiapas', 'M', 'Egrese de la UPTx', 'fringilla@velpede.com', 'RDI82PEZ6TG\r'),
(58, 'Jael', 'Rosas', 'Quechol', '1969-12-31', 10730500, 'Estomatología', 146.00, '16051001 3', '60055 Brody Springs', 'PANOTLA', 'Veracruz', 'M', 'Estoy estudiando la maestría', 'a.facilisis.non@sagittislobortismauris.org', 'UKM77OYU0XM\r'),
(59, 'Heidi', 'Aguirre', 'Cruz', '1969-12-31', 11100893, 'Endocrinología', 350.00, '16951014 2', '60055 Brody Springs', 'APIZACO', 'Tamaulipas', 'F', 'Cuento con 6 doctorados', 'mattis.ornare@Sed.edu', 'LNA84AHI0OK\r'),
(60, 'Ulysses', 'Bolaños', 'Aguirre', '1969-12-31', 10236912, 'Toxicología', 179.00, '16970716 8', '3549 Upton Island Suite 364', 'ALTZAYANCA', 'Colima', 'M', 'Recién egresado', 'enim.sit@euismod.org', 'MVS79QKN7KP\r'),
(61, 'Aquila', 'Zamora', 'Salinas', '1969-12-31', 10057860, 'Infectología', 970.00, '16840709 3', '10443 Boyer Crest', 'EL CARMEN TEQUEXQUITLA', 'Tamaulipas', 'M', 'Egresado de la UNAM', 'tempus@orci.net', 'TWE32WML0ON\r'),
(62, 'Jade', 'Quechol', 'Eliosa', '1969-12-31', 10756724, 'Neumología', 794.00, '16770111 2', '6905 Ariel Spur', 'AMAXAC DE GUERRERO', 'Tabasco', 'M', 'Estoy estudiando la maestría', 'enim.gravida.sit@estNuncullamcorper.org', 'TAV89RJG3HR\r'),
(63, 'Mona', 'Navarro', 'Fuentes', '1969-12-31', 10092500, 'Infectología', 713.00, '16100522 1', '6905 Ariel Spur', 'EL CARMEN TEQUEXQUITLA', 'Hidalgo', 'F', 'Egresado de la UNAM', 'velit.Aliquam@egestas.net', 'QFP87XGR8XS\r'),
(64, 'Yvonne', 'Fuentes', 'Navarro', '1969-12-31', 10703316, 'Estomatología', 804.00, '16990903 8', '59301 Michale Manor', 'CALPULALPAN', 'Ciudad de México', 'F', 'Estoy estudiando la maestría', 'ac.sem@faucibusorciluctus.edu', 'CWY11SQB0LA\r'),
(65, 'Jessamine', 'Fuentes', 'Torres', '1969-12-31', 10031346, 'Endocrinología', 578.00, '16370921 5', '631 Zoey Orchard Suite 288', 'ALTZAYANCA', 'Ciudad de México', 'F', 'Cuento con 6 doctorados', 'amet.lorem.semper@massalobortis.edu', 'SFQ66QZZ1GQ\r'),
(66, 'Tara', 'Bolaños', 'Angulo', '1969-12-31', 10045238, 'Neurología', 934.00, '16470406 9', '10443 Boyer Crest', 'TEPEYANCO', 'Oaxaca', 'F', 'Egrese de la UPTx', 'amet.risus@luctusvulputatenisi.com', 'FOO25XWD3BY\r'),
(67, 'Gavin', 'Aguirre', 'Galindo', '1969-12-31', 10321880, 'Geriatría', 947.00, '16971106 0', '96970 Isom Lights', 'AMAXAC DE GUERRERO', 'Colima', 'M', 'Recién egresado', 'quis.massa.Mauris@Etiambibendum.ca', 'TYC43IVS2VL\r'),
(68, 'Bryar', 'Rosas', 'Angulo', '1969-12-31', 10447231, 'Genética', 389.00, '16610214 8', '3549 Upton Island Suite 364', 'EL CARMEN TEQUEXQUITLA', 'Michoacán', 'F', 'Egresado de la UNAM', 'tortor@milorem.ca', 'REV64OOE8IJ\r'),
(69, 'Wang', 'Quechol', 'Maravilla', '1969-12-31', 10760370, 'Gastroenterología', 214.00, '16460707 6', '60055 Brody Springs', 'PANOTLA', 'Estado de México', 'F', 'Cuento con 6 doctorados', 'risus.Morbi@atortorNunc.org', 'XCU67AKB5DP\r'),
(70, 'Noble', 'Bolaños', 'Navarro', '1969-12-31', 10325389, 'Hematología', 519.00, '16520711 1', '23507 Edythe Loop Suite 522', 'IXTACUIXTLA DE MARIANO MATAMOROS', 'Querétaro', 'M', 'Cuento con 6 doctorados', 'mi@aliquamadipiscing.org', 'SED71XBU1IT\r'),
(71, 'Tanner', 'Angulo', 'Aguirre', '1969-12-31', 10176810, 'Cardiología', 778.00, '16950126 9', '6905 Ariel Spur', 'CUAPIAXTLA', 'Colima', 'M', 'Recién egresado', 'Ut@egetmagna.org', 'JTG82EWN8DB\r'),
(72, 'Branden', 'Aguilar', 'Juarez', '1969-12-31', 10132572, 'Hepatología', 234.00, '16920514 9', '60534 Casper Forges Apt. 612', 'TEOLOCHOLCO', 'Quintana Ro', 'F', 'Egresado de la UNAM', 'Sed.auctor@risusvarius.org', 'VFB82CED8XH\r'),
(73, 'Zeph', 'Salinas', 'Angulo', '1969-12-31', 10594716, 'Endocrinología', 333.00, '16480901 8', '974 Tamia Motorway Suite 745', 'ATLANGATEPEC', 'Oaxaca', 'F', 'Recién egresado', 'risus.Donec@adipiscingelitCurabitur.org', 'TFT18BRH2WD\r'),
(74, 'Priscilla', 'Torres', 'Fernandez', '1969-12-31', 10963648, 'Infectología', 250.00, '16920301 9', '974 Tamia Motorway Suite 745', 'PANOTLA', 'Baja California', 'F', 'Cuento con 6 doctorados', 'pretium@Ut.com', 'KMB73AIR4UR\r'),
(75, 'Myles', 'Juarez', 'Fernandez', '1969-12-31', 10422813, 'Gastroenterología', 986.00, '16901110 4', '3549 Upton Island Suite 364', 'IXTENCO', 'Colima', 'M', 'Egrese de la UPTx', 'tristique@quisturpis.ca', 'KMV19SUR7GJ\r'),
(76, 'Nasim', 'Aguilar', 'Maravilla', '1969-12-31', 10109382, 'Cardiología', 511.00, '16180321 2', '60055 Brody Springs', 'TEOLOCHOLCO', 'Baja California Sur', 'M', 'Egrese de la UPTx', 'hendrerit.id.ante@Morbineque.edu', 'YPB81NLR8SH\r'),
(77, 'Carissa', 'Aguirre', 'Lander', '1969-12-31', 10075969, 'Anestesiología', 265.00, '16530730 2', '6905 Ariel Spur', 'APETATITLÁN DE ANTONIO CARVAJAL', 'Tabasco', 'M', 'Cuento con 6 doctorados', 'ultricies@egestas.net', 'BSV77ZKJ9WY\r'),
(78, 'Uma', 'Rosas', 'Cruz', '1969-12-31', 11029996, 'Neurología', 395.00, '16260203 9', '60055 Brody Springs', 'IXTENCO', 'Ciudad de México', 'M', 'Egrese de la UPTx', 'adipiscing.elit@sapien.net', 'RWL58NJT8QN\r'),
(79, 'Sasha', 'Eliosa', 'Juarez', '1969-12-31', 10922786, 'Neurología', 282.00, '16390424 2', '52264 Adolfo Road Apt. 697', 'TEPEYANCO', 'Tlaxcala', 'F', 'Estoy estudiando la maestría', 'Sed.nulla.ante@maurisipsumporta.net', 'HRH46MAV5BN\r'),
(80, 'Jerome', 'Cruz', 'Juarez', '1969-12-31', 10723426, 'Psiquiatría', 840.00, '16441205 8', '59301 Michale Manor', 'NATIVITAS', 'Veracruz', 'F', 'Estoy estudiando la maestría', 'a.nunc@vitaeorci.ca', 'WZQ02BZK9DK\r'),
(81, 'Luke', 'Galindo', 'Fuentes', '1969-12-31', 10028262, 'Anestesiología', 190.00, '16120325 0', '60534 Casper Forges Apt. 612', 'EL CARMEN TEQUEXQUITLA', 'Querétaro', 'F', 'Recién egresado', 'dapibus.id@semperNam.net', 'MDE72XAW1NK\r'),
(82, 'Yuli', 'Aguirre', 'Navarro', '1969-12-31', 10849471, 'Estomatología', 474.00, '16441210 1', '631 Zoey Orchard Suite 288', 'PANOTLA', 'Baja California Sur', 'F', 'Estoy estudiando la maestría', 'auctor@dapibusquamquis.ca', 'FRS67QQF6CM\r'),
(83, 'Germaine', 'Juarez', 'Torres', '1969-12-31', 11014976, 'Neumología', 765.00, '16210916 5', '59301 Michale Manor', 'ALTZAYANCA', 'Zacatecas', 'M', 'Egresado de la UNAM', 'et@SuspendisseduiFusce.org', 'KMT69HST0TA\r'),
(84, 'Curran', 'Maravilla', 'Rosas', '1969-12-31', 10272370, 'Hepatología', 970.00, '16660919 7', '23507 Edythe Loop Suite 522', 'CHIAUTEMPAN', 'Chiapas', 'F', 'Estoy estudiando la maestría', 'in@magnaatortor.org', 'SIB55IDG6YW\r'),
(85, 'Noble', 'Juarez', 'Navarro', '1969-12-31', 10259420, 'Geriatría', 419.00, '16960502 9', '631 Zoey Orchard Suite 288', 'APIZACO', 'San Luis Potosí', 'M', 'Egresado de la UNAM', 'sem@auguescelerisque.edu', 'HBN36LLA1TY\r'),
(86, 'Armando', 'Bolaños', 'Juarez', '1969-12-31', 10849528, 'Anestesiología', 435.00, '16110516 5', '10443 Boyer Crest', 'CUAXOMULCO', 'Tamaulipas', 'M', 'Egresado de la UNAM', 'enim.Nunc@sodales.net', 'PNK71AQO0YU\r'),
(87, 'Naomi', 'Angulo', 'Galindo', '1969-12-31', 10702457, 'Gastroenterología', 332.00, '16651214 7', '60534 Casper Forges Apt. 612', 'TENANCINGO', 'Hidalgo', 'M', 'Cuento con 6 doctorados', 'dignissim@arcuiaculis.com', 'MZR21JXE6RR\r'),
(88, 'Edan', 'Bolaños', 'Rosas', '1969-12-31', 10372560, 'Reumatología', 592.00, '16361010 6', '60534 Casper Forges Apt. 612', 'ATLANGATEPEC', 'Morelos', 'M', 'Egresado de la UNAM', 'luctus.ipsum@facilisislorem.net', 'PCU98DWO2RB\r'),
(89, 'Fay', 'Zamora', 'Angulo', '1969-12-31', 10520858, 'Toxicología', 704.00, '16420722 0', '3549 Upton Island Suite 364', 'EL CARMEN TEQUEXQUITLA', 'Jalisco', 'M', 'Egresado de la UNAM', 'vitae@Crasvulputate.co.uk', 'PXM75YQA4KG\r'),
(90, 'Jillian', 'Galindo', 'Zamora', '1969-12-31', 10319261, 'Anestesiología', 347.00, '16491222 3', '10443 Boyer Crest', 'APETATITLÁN DE ANTONIO CARVAJAL', 'Yucatán', 'M', 'Cuento con 6 doctorados', 'eget@tempuslorem.ca', 'LVN77VZW1DD\r'),
(91, 'Mohammad', 'Navarro', 'Lander', '1969-12-31', 10582399, 'Neumología', 500.00, '16481103 3', '52264 Adolfo Road Apt. 697', 'AMAXAC DE GUERRERO', 'Baja California Sur', 'M', 'Cuento con 6 doctorados', 'In.mi@Integer.org', 'SLK34JOW3UY\r'),
(92, 'Armando', 'Navarro', 'Angulo', '1969-12-31', 10016761, 'Hepatología', 637.00, '16090118 1', '23507 Edythe Loop Suite 522', 'NATIVITAS', 'Campeche', 'F', 'Recién egresado', 'mi.lorem.vehicula@arcueu.com', 'ONS92BXL2EI\r'),
(93, 'Amir', 'Torres', 'Maravilla', '1969-12-31', 10422346, 'Cardiología', 480.00, '16801222 6', '3549 Upton Island Suite 364', 'TEPEYANCO', 'San Luis Potosí', 'F', 'Egrese de la UPTx', 'magna@diam.org', 'YKZ43QYE9CG\r'),
(94, 'Zoe', 'Aguilar', 'Eliosa', '1969-12-31', 10289057, 'Estomatología', 403.00, '16830423 7', '96970 Isom Lights', 'EL CARMEN TEQUEXQUITLA', 'Quintana Ro', 'F', 'Recién egresado', 'Aenean@ametloremsemper.org', 'SCA13OFS5CU\r'),
(95, 'Kiona', 'Juarez', 'Juarez', '1969-12-31', 10939499, 'Pediatría', 592.00, '16600401 2', '6905 Ariel Spur', 'PANOTLA', 'Guanajuato', 'F', 'Estoy estudiando la maestría', 'Nunc.quis@placerataugue.edu', 'AKN11VOS8UL\r'),
(96, 'Melodie', 'Juarez', 'Torres', '1969-12-31', 10927673, 'Infectología', 217.00, '16741207 4', '3549 Upton Island Suite 364', 'EL CARMEN TEQUEXQUITLA', 'Zacatecas', 'M', 'Recién egresado', 'laoreet.libero@placerat.org', 'UCL56HGX0AP\r'),
(97, 'Elijah', 'Fuentes', 'Eliosa', '1969-12-31', 10176418, 'Gastroenterología', 781.00, '16040404 6', '631 Zoey Orchard Suite 288', 'TEPEYANCO', 'Estado de México', 'M', 'Recién egresado', 'dui.Cum@lectus.net', 'KYI41EZI4SO\r'),
(98, 'Erin', 'Fernandez', 'Aguilar', '1969-12-31', 10116119, 'Nutriología', 666.00, '16480618 0', '6905 Ariel Spur', 'CHIAUTEMPAN', 'Baja California Sur', 'F', 'Cuento con 6 doctorados', 'convallis.dolor@Curabiturutodio.edu', 'YSZ14QJM6FL\r'),
(99, 'Dean', 'Aguirre', 'Juarez', '1969-12-31', 10192387, 'Estomatología', 160.00, '16110129 3', '96970 Isom Lights', 'CALPULALPAN', 'Aguascalientes', 'F', 'Cuento con 6 doctorados', 'ornare.libero.at@purusNullam.org', 'XQI65TJZ4TV\r'),
(100, 'Zelda', 'Aguirre', 'Angulo', '1969-12-31', 11027536, 'Estomatología', 878.00, '16550511 0', '60534 Casper Forges Apt. 612', 'ATLANGATEPEC', 'Oaxaca', 'F', 'Egresado de la UNAM', 'enim.mi.tempor@dui.org', 'GSF23GXZ3OP'),
(101, 'Remedios', 'Angulo', 'Fuentes', '1969-12-31', 10312146, 'Geriatría', 982.00, '16060518 0', '974 Tamia Motorway Suite 745', 'TENANCINGO', 'Yucatán', 'M', 'Cuento con 6 doctorados', 'scelerisque@eget.edu', 'MVF00PVH3OA\r'),
(102, 'Brenda', 'Eliosa', 'Juarez', '1969-12-31', 10785409, 'Hematología', 132.00, '16050530 8', '23507 Edythe Loop Suite 522', 'APIZACO', 'Aguascalientes', 'M', 'Estoy estudiando la maestría', 'eu.nulla@Duisat.edu', 'PLK78TXO3QA\r'),
(103, 'Ainsley', 'Galindo', 'Lander', '1969-12-31', 10683968, 'Hepatología', 851.00, '16931117 8', '59301 Michale Manor', 'CALPULALPAN', 'Campeche', 'M', 'Estoy estudiando la maestría', 'sagittis@ametfaucibus.org', 'NXB39GWX7WT\r'),
(104, 'Emmanuel', 'Cruz', 'Galindo', '1969-12-31', 10023030, 'Estomatología', 548.00, '16570323 8', '631 Zoey Orchard Suite 288', 'ATLANGATEPEC', 'Nuevo León', 'F', 'Egrese de la UPTx', 'Curabitur.egestas@velturpis.edu', 'LNM75XDW0RH\r'),
(105, 'Bradley', 'Zamora', 'Cruz', '1969-12-31', 10819722, 'Estomatología', 196.00, '16150128 5', '974 Tamia Motorway Suite 745', 'APETATITLÁN DE ANTONIO CARVAJAL', 'Coahuila', 'F', 'Egresado de la UNAM', 'molestie.orci.tincidunt@aliquamiaculislacus.net', 'KWW54GAJ9FZ\r'),
(106, 'Eagan', 'Salinas', 'Eliosa', '1969-12-31', 10262359, 'Gastroenterología', 511.00, '16561029 7', '631 Zoey Orchard Suite 288', 'TERRENATE', 'Nuevo León', 'M', 'Egresado de la UNAM', 'odio.tristique.pharetra@semper.co.uk', 'MJC81AML1KB\r'),
(107, 'Zeus', 'Aguirre', 'Zamora', '1969-12-31', 10477131, 'Endocrinología', 999.99, '16641102 2', '3549 Upton Island Suite 364', 'NATIVITAS', 'Zacatecas', 'M', 'Egrese de la UPTx', 'ut.pharetra.sed@nisi.co.uk', 'DZX92PRJ1YJ\r'),
(108, 'Preston', 'Bolaños', 'Rosas', '1969-12-31', 11013805, 'Psiquiatría', 789.00, '16200605 9', '52264 Adolfo Road Apt. 697', 'TENANCINGO', 'Colima', 'M', 'Egresado de la UNAM', 'euismod@uteros.co.uk', 'HMF13FKG2SN\r'),
(109, 'Marcia', 'Salinas', 'Rosas', '1969-12-31', 10489490, 'Pediatría', 631.00, '16700524 6', '631 Zoey Orchard Suite 288', 'ALTZAYANCA', 'Querétaro', 'F', 'Estoy estudiando la maestría', 'Pellentesque.tincidunt@semvitaealiquam.org', 'BYK70NIA9ZG\r'),
(110, 'Mia', 'Eliosa', 'Aguirre', '1969-12-31', 10370113, 'Hepatología', 230.00, '16550703 2', '631 Zoey Orchard Suite 288', 'CUAPIAXTLA', 'Baja California', 'M', 'Recién egresado', 'vulputate@consectetueradipiscingelit.ca', 'VII38RRB3VJ\r'),
(111, 'Emmanuel', 'Zamora', 'Cruz', '1969-12-31', 10628939, 'Cardiología', 476.00, '16061214 7', '59301 Michale Manor', 'APIZACO', 'Veracruz', 'F', 'Cuento con 6 doctorados', 'Donec.elementum@Cumsociis.co.uk', 'VKG03EON6SR\r'),
(112, 'Keegan', 'Angulo', 'Fuentes', '1969-12-31', 10094837, 'Reumatología', 755.00, '16760718 9', '23507 Edythe Loop Suite 522', 'TEPEYANCO', 'Tabasco', 'F', 'Estoy estudiando la maestría', 'sed.libero@Uttincidunt.ca', 'KZU13TTZ4MQ\r'),
(113, 'Velma', 'Fernandez', 'Cruz', '1969-12-31', 10993842, 'Pediatría', 566.00, '16960220 6', '3549 Upton Island Suite 364', 'ATLANGATEPEC', 'Michoacán', 'F', 'Recién egresado', 'faucibus@felisorci.org', 'PEG29XEZ6YD\r'),
(114, 'Timothy', 'Angulo', 'Lander', '1969-12-31', 10949745, 'Hematología', 442.00, '16730702 7', '23507 Edythe Loop Suite 522', 'IXTACUIXTLA DE MARIANO MATAMOROS', 'Durango', 'M', 'Cuento con 6 doctorados', 'elit@lobortis.ca', 'IYS14KZL1FM\r'),
(115, 'Barrett', 'Angulo', 'Quechol', '1969-12-31', 10638379, 'Genética', 441.00, '16841120 1', '60055 Brody Springs', 'CUAXOMULCO', 'Coahuila', 'M', 'Cuento con 6 doctorados', 'nibh.Donec@vitaesodalesnisi.ca', 'VNK71DTC4TD\r'),
(116, 'Karleigh', 'Fuentes', 'Aguirre', '1969-12-31', 10302749, 'Neurología', 412.00, '16480501 7', '10443 Boyer Crest', 'CALPULALPAN', 'Hidalgo', 'F', 'Egresado de la UNAM', 'ac.turpis@Maurisquisturpis.edu', 'XWE40RQL0KQ\r'),
(117, 'Quinlan', 'Quechol', 'Juarez', '1969-12-31', 10299106, 'Anestesiología', 443.00, '16840406 6', '10443 Boyer Crest', 'CHIAUTEMPAN', 'Estado de México', 'F', 'Egrese de la UPTx', 'Donec.est.Nunc@ultrices.ca', 'BYF44SST6KS\r'),
(118, 'Noble', 'Rosas', 'Rosas', '1969-12-31', 10474582, 'Geriatría', 268.00, '16200426 7', '3549 Upton Island Suite 364', 'ATLANGATEPEC', 'Colima', 'F', 'Estoy estudiando la maestría', 'natoque.penatibus.et@turpisnec.edu', 'HTC93QUY6NF\r'),
(119, 'Bevis', 'Aguirre', 'Cruz', '1969-12-31', 10763097, 'Endocrinología', 436.00, '16760820 7', '10443 Boyer Crest', 'CUAXOMULCO', 'Baja California Sur', 'M', 'Recién egresado', 'feugiat.nec@variusultricesmauris.ca', 'FWS40CZJ4ZX\r'),
(120, 'Seth', 'Aguirre', 'Rosas', '1969-12-31', 10650788, 'Gastroenterología', 884.00, '16111002 2', '23507 Edythe Loop Suite 522', 'ATLANGATEPEC', 'Hidalgo', 'M', 'Cuento con 6 doctorados', 'mollis.non.cursus@orciadipiscingnon.ca', 'JXM64XPA4WP\r'),
(121, 'Carol', 'Eliosa', 'Fernandez', '1969-12-31', 10858752, 'Neumología', 276.00, '16960321 7', '3549 Upton Island Suite 364', 'CUAPIAXTLA', 'Sinaloa', 'F', 'Recién egresado', 'pharetra.sed@Sedeu.org', 'SMC86IPX9SY\r'),
(122, 'Uma', 'Fuentes', 'Angulo', '1969-12-31', 10694918, 'Hematología', 485.00, '16900714 4', '631 Zoey Orchard Suite 288', 'AMAXAC DE GUERRERO', 'Jalisco', 'M', 'Recién egresado', 'dui.semper.et@elitpellentesque.net', 'IRV16TSS4WD\r'),
(123, 'MacKenzie', 'Bolaños', 'Salinas', '1969-12-31', 10012326, 'Endocrinología', 855.00, '16301123 3', '52264 Adolfo Road Apt. 697', 'TENANCINGO', 'Tlaxcala', 'F', 'Egresado de la UNAM', 'vitae.dolor.Donec@parturientmontesnascetur.org', 'EXP88ZNI5DR\r'),
(124, 'Daryl', 'Maravilla', 'Aguirre', '1969-12-31', 10566816, 'Endocrinología', 423.00, '16900726 9', '974 Tamia Motorway Suite 745', 'IXTACUIXTLA DE MARIANO MATAMOROS', 'Oaxaca', 'M', 'Egrese de la UPTx', 'adipiscing@atauctor.net', 'XFY30HFR8DH\r'),
(125, 'Erin', 'Salinas', 'Juarez', '1969-12-31', 10182393, 'Cardiología', 513.00, '16130603 5', '23507 Edythe Loop Suite 522', 'CALPULALPAN', 'Guerrero', 'F', 'Cuento con 6 doctorados', 'blandit.at.nisi@lectus.net', 'OHZ72YTN8FI\r'),
(126, 'Lynn', 'Galindo', 'Maravilla', '1969-12-31', 10460134, 'Cardiología', 427.00, '16650418 6', '60055 Brody Springs', 'IXTACUIXTLA DE MARIANO MATAMOROS', 'Veracruz', 'M', 'Estoy estudiando la maestría', 'nisi.dictum.augue@ultricies.org', 'JVG35ARZ5ST\r'),
(127, 'Phelan', 'Bolaños', 'Rosas', '1969-12-31', 10577434, 'Hematología', 773.00, '16580810 7', '60534 Casper Forges Apt. 612', 'TERRENATE', 'Guerrero', 'M', 'Estoy estudiando la maestría', 'tincidunt.adipiscing@mus.org', 'TRZ21QOE7GT\r'),
(128, 'Hammett', 'Fuentes', 'Juarez', '1969-12-31', 10071171, 'Anestesiología', 411.00, '16560524 9', '6905 Ariel Spur', 'TEPEYANCO', 'Estado de México', 'F', 'Estoy estudiando la maestría', 'neque.sed.dictum@Nuncmauris.net', 'YNZ51MMZ0UR\r'),
(129, 'Xyla', 'Navarro', 'Bolaños', '1969-12-31', 10304920, 'Anestesiología', 352.00, '16350512 5', '60534 Casper Forges Apt. 612', 'PANOTLA', 'Chihuahua', 'M', 'Egrese de la UPTx', 'in@egestaslacinia.co.uk', 'PGH28OWB6BV\r'),
(130, 'Lyle', 'Rosas', 'Quechol', '1969-12-31', 10450325, 'Nutriología', 443.00, '16221006 7', '60534 Casper Forges Apt. 612', 'TEOLOCHOLCO', 'Durango', 'F', 'Recién egresado', 'fames.ac.turpis@Crasloremlorem.net', 'YCU06NSS1JQ\r'),
(131, 'Larissa', 'Galindo', 'Lander', '1969-12-31', 10157352, 'Psiquiatría', 539.00, '16710215 0', '59301 Michale Manor', 'ATLANGATEPEC', 'Baja California Sur', 'M', 'Cuento con 6 doctorados', 'elit.pede@duinec.org', 'KNU40DIV5RX\r'),
(132, 'Simon', 'Salinas', 'Cruz', '1969-12-31', 11102935, 'Genética', 742.00, '16720330 4', '52264 Adolfo Road Apt. 697', 'TEPEYANCO', 'Michoacán', 'F', 'Recién egresado', 'Integer.sem.elit@Mauris.org', 'VYJ92DRJ1ZE\r'),
(133, 'Hilary', 'Torres', 'Fuentes', '1969-12-31', 11088027, 'Anestesiología', 466.00, '16130609 3', '59301 Michale Manor', 'CHIAUTEMPAN', 'Guanajuato', 'F', 'Egrese de la UPTx', 'metus.Aenean.sed@libero.net', 'UDF44ZMO8HP\r'),
(134, 'Wallace', 'Salinas', 'Zamora', '1969-12-31', 10801297, 'Angiología', 687.00, '16150929 1', '23507 Edythe Loop Suite 522', 'CUAPIAXTLA', 'Sonora', 'M', 'Cuento con 6 doctorados', 'sit.amet.massa@leoCrasvehicula.org', 'XTQ55WBR2OK\r'),
(135, 'Emi', 'Rosas', 'Bolaños', '1969-12-31', 10406610, 'Anestesiología', 912.00, '16130824 5', '60534 Casper Forges Apt. 612', 'TENANCINGO', 'Durango', 'F', 'Estoy estudiando la maestría', 'Donec.tempus@cursusinhendrerit.com', 'QFC94JWN9DI\r'),
(136, 'Leroy', 'Eliosa', 'Juarez', '1969-12-31', 10731380, 'Neurología', 649.00, '16220324 5', '6905 Ariel Spur', 'CALPULALPAN', 'Chiapas', 'F', 'Egresado de la UNAM', 'faucibus.id@convallis.org', 'SJY50AGQ5LV\r'),
(137, 'Phyllis', 'Galindo', 'Lander', '1969-12-31', 10210324, 'Angiología', 233.00, '16521223 4', '10443 Boyer Crest', 'CUAPIAXTLA', 'Ciudad de México', 'M', 'Cuento con 6 doctorados', 'rutrum.justo.Praesent@lacusCras.ca', 'EIZ74UXX4YB\r'),
(138, 'Constance', 'Zamora', 'Cruz', '1969-12-31', 10929986, 'Reumatología', 630.00, '16881204 8', '631 Zoey Orchard Suite 288', 'TENANCINGO', 'Quintana Ro', 'F', 'Estoy estudiando la maestría', 'ornare.Fusce.mollis@acfermentum.net', 'FXU93FYZ9KG\r'),
(139, 'Mary', 'Galindo', 'Eliosa', '1969-12-31', 10322134, 'Geriatría', 474.00, '16651223 2', '59301 Michale Manor', 'TERRENATE', 'Campeche', 'F', 'Egresado de la UNAM', 'massa.Suspendisse@id.org', 'MIP65PJH3JJ\r'),
(140, 'Joy', 'Eliosa', 'Cruz', '1969-12-31', 10781891, 'Cardiología', 646.00, '16160417 0', '59301 Michale Manor', 'CUAXOMULCO', 'Durango', 'M', 'Cuento con 6 doctorados', 'Sed.dictum.Proin@semper.org', 'DCY14EQB0PQ\r'),
(141, 'Shellie', 'Aguilar', 'Aguirre', '1969-12-31', 10785943, 'Endocrinología', 915.00, '16251213 3', '23507 Edythe Loop Suite 522', 'EL CARMEN TEQUEXQUITLA', 'Nuevo León', 'F', 'Estoy estudiando la maestría', 'inceptos@Maurisnon.net', 'CLH17HPW7TN\r'),
(142, 'Christen', 'Salinas', 'Salinas', '1969-12-31', 10048197, 'Pediatría', 930.00, '16470626 6', '631 Zoey Orchard Suite 288', 'IXTACUIXTLA DE MARIANO MATAMOROS', 'Aguascalientes', 'F', 'Estoy estudiando la maestría', 'sodales.nisi@scelerisquescelerisque.ca', 'HTM70XDW1VJ\r'),
(143, 'Amethyst', 'Lander', 'Navarro', '1969-12-31', 10312977, 'Neurología', 328.00, '16840727 1', '60534 Casper Forges Apt. 612', 'CUAXOMULCO', 'Querétaro', 'M', 'Egresado de la UNAM', 'auctor.vitae@nec.edu', 'BZE64DSA7WP\r'),
(144, 'Ingrid', 'Aguirre', 'Galindo', '1969-12-31', 11054381, 'Reumatología', 752.00, '16000608 8', '60055 Brody Springs', 'EL CARMEN TEQUEXQUITLA', 'Jalisco', 'F', 'Cuento con 6 doctorados', 'pede@tincidunt.com', 'ECQ32NTV4NY\r'),
(145, 'Eden', 'Salinas', 'Zamora', '1969-12-31', 10398514, 'Neumología', 711.00, '16700911 3', '3549 Upton Island Suite 364', 'IXTENCO', 'San Luis Potosí', 'F', 'Recién egresado', 'urna.Nunc@Maecenas.net', 'LDJ10KNW9KK\r'),
(146, 'Ferdinand', 'Juarez', 'Juarez', '1969-12-31', 11057451, 'Endocrinología', 597.00, '16440521 0', '52264 Adolfo Road Apt. 697', 'TEPEYANCO', 'Oaxaca', 'F', 'Estoy estudiando la maestría', 'blandit.at@Vestibulum.edu', 'VUP72YDI3WN\r'),
(147, 'Mufutau', 'Aguirre', 'Fuentes', '1969-12-31', 10165190, 'Infectología', 831.00, '16621130 0', '96970 Isom Lights', 'EL CARMEN TEQUEXQUITLA', 'Aguascalientes', 'F', 'Egrese de la UPTx', 'in@loremtristiquealiquet.com', 'UJI92CEI4FG\r'),
(148, 'Maggie', 'Maravilla', 'Lander', '1969-12-31', 10150137, 'Cardiología', 572.00, '16580508 2', '10443 Boyer Crest', 'IXTACUIXTLA DE MARIANO MATAMOROS', 'Campeche', 'M', 'Egrese de la UPTx', 'urna.Nullam@nislelementumpurus.ca', 'MEM98OUD6LD\r'),
(149, 'Celeste', 'Juarez', 'Quechol', '1969-12-31', 10637339, 'Psiquiatría', 678.00, '16570112 6', '59301 Michale Manor', 'ALTZAYANCA', 'Michoacán', 'F', 'Egresado de la UNAM', 'quam.Curabitur@conubianostra.edu', 'LHH45VVQ8JD\r'),
(150, 'Benedict', 'Eliosa', 'Rosas', '1969-12-31', 10507933, 'Toxicología', 757.00, '16200607 5', '6905 Ariel Spur', 'IXTENCO', 'Sonora', 'F', 'Estoy estudiando la maestría', 'ac.turpis@ipsumac.co.uk', 'SDU76VSR3BI\r'),
(151, 'Liberty', 'Aguilar', 'Aguirre', '1969-12-31', 10703272, 'Neumología', 512.00, '16591111 5', '6905 Ariel Spur', 'IXTENCO', 'Sonora', 'M', 'Recién egresado', 'dolor.Nulla.semper@liberoProin.co.uk', 'HOJ54POH3KA\r'),
(152, 'Rowan', 'Rosas', 'Fuentes', '1969-12-31', 10636088, 'Gastroenterología', 126.00, '16530616 4', '52264 Adolfo Road Apt. 697', 'APIZACO', 'Ciudad de México', 'M', 'Egrese de la UPTx', 'ac@egetvenenatis.ca', 'PGX91OLQ8SE\r'),
(153, 'Holmes', 'Angulo', 'Cruz', '1969-12-31', 10412667, 'Genética', 635.00, '16610824 0', '60534 Casper Forges Apt. 612', 'TERRENATE', 'Tamaulipas', 'M', 'Estoy estudiando la maestría', 'lorem@egestas.com', 'ELI36LUJ5VM\r'),
(154, 'Tashya', 'Navarro', 'Galindo', '1969-12-31', 10347551, 'Nutriología', 980.00, '16800310 4', '10443 Boyer Crest', 'IXTACUIXTLA DE MARIANO MATAMOROS', 'Campeche', 'M', 'Egresado de la UNAM', 'nisl@justositamet.co.uk', 'JMI16WLT4AX\r'),
(155, 'Dexter', 'Cruz', 'Quechol', '1969-12-31', 10759262, 'Pediatría', 600.00, '16990917 8', '60534 Casper Forges Apt. 612', 'CALPULALPAN', 'Yucatán', 'F', 'Egrese de la UPTx', 'quam@Curabitur.com', 'PKY62XBL1AT\r'),
(156, 'Ray', 'Fernandez', 'Quechol', '1969-12-31', 10397971, 'Neurología', 896.00, '16350926 4', '52264 Adolfo Road Apt. 697', 'IXTACUIXTLA DE MARIANO MATAMOROS', 'Hidalgo', 'F', 'Cuento con 6 doctorados', 'lorem.fringilla@Aliquamadipiscinglobortis.org', 'RQQ76PIJ0HK\r'),
(157, 'Zelda', 'Torres', 'Bolaños', '1969-12-31', 10557916, 'Hematología', 578.00, '16980221 0', '60055 Brody Springs', 'ATLANGATEPEC', 'Jalisco', 'M', 'Recién egresado', 'Nunc@AliquamnislNulla.ca', 'JBX40LUH1UV\r'),
(158, 'Risa', 'Angulo', 'Aguilar', '1969-12-31', 10070648, 'Hepatología', 746.00, '16800401 8', '96970 Isom Lights', 'IXTENCO', 'Colima', 'F', 'Recién egresado', 'ligula.consectetuer.rhoncus@vestibulumneque.co.uk', 'RWR65IZY6MK\r'),
(159, 'Quail', 'Bolaños', 'Lander', '1969-12-31', 10697688, 'Hematología', 568.00, '16140529 8', '60534 Casper Forges Apt. 612', 'IXTENCO', 'Aguascalientes', 'F', 'Estoy estudiando la maestría', 'nonummy.Fusce@libero.com', 'YCQ84JNI1JZ\r'),
(160, 'Berk', 'Eliosa', 'Aguirre', '1969-12-31', 10809327, 'Psiquiatría', 906.00, '16120305 2', '52264 Adolfo Road Apt. 697', 'TEOLOCHOLCO', 'San Luis Potosí', 'M', 'Egresado de la UNAM', 'consequat@euismod.co.uk', 'PJP00FIL8OE\r'),
(161, 'Fulton', 'Torres', 'Juarez', '1969-12-31', 10587959, 'Cardiología', 824.00, '16240908 6', '974 Tamia Motorway Suite 745', 'AMAXAC DE GUERRERO', 'Ciudad de México', 'F', 'Estoy estudiando la maestría', 'Sed.nulla@dolorsit.edu', 'QJT31OZX4TT\r'),
(162, 'Gannon', 'Torres', 'Angulo', '1969-12-31', 10168394, 'Pediatría', 895.00, '16290419 7', '10443 Boyer Crest', 'NATIVITAS', 'Nayarit', 'F', 'Egresado de la UNAM', 'nascetur.ridiculus.mus@variuset.org', 'SQS84OIS3DK\r'),
(163, 'Pamela', 'Fernandez', 'Juarez', '1969-12-31', 10538581, 'Psiquiatría', 160.00, '16180614 7', '23507 Edythe Loop Suite 522', 'TERRENATE', 'Sinaloa', 'M', 'Cuento con 6 doctorados', 'cursus.et.magna@SuspendisseduiFusce.ca', 'XBB67HEI7BW\r'),
(164, 'Marvin', 'Zamora', 'Quechol', '1969-12-31', 10125254, 'Infectología', 218.00, '16110301 6', '59301 Michale Manor', 'TEOLOCHOLCO', 'Querétaro', 'F', 'Egresado de la UNAM', 'in.sodales@Morbi.org', 'ELE94WQY9AF\r'),
(165, 'Logan', 'Rosas', 'Salinas', '1969-12-31', 10915173, 'Endocrinología', 906.00, '16610519 4', '52264 Adolfo Road Apt. 697', 'AMAXAC DE GUERRERO', 'Oaxaca', 'M', 'Egresado de la UNAM', 'ultrices.Duis.volutpat@placerat.org', 'JGN81HIC7JB\r'),
(166, 'Hedda', 'Aguilar', 'Lander', '1969-12-31', 10468294, 'Cardiología', 570.00, '16420613 4', '631 Zoey Orchard Suite 288', 'APIZACO', 'Estado de México', 'F', 'Estoy estudiando la maestría', 'ante.blandit.viverra@et.net', 'XCN44VNS7VZ\r'),
(167, 'Lilah', 'Aguilar', 'Maravilla', '1969-12-31', 10253852, 'Cardiología', 984.00, '16241204 8', '974 Tamia Motorway Suite 745', 'APETATITLÁN DE ANTONIO CARVAJAL', 'Chihuahua', 'M', 'Egresado de la UNAM', 'sit.amet.lorem@Sedeueros.com', 'AGJ51VTB5DV\r'),
(168, 'Oscar', 'Eliosa', 'Fernandez', '1969-12-31', 10195807, 'Nutriología', 303.00, '16120428 1', '3549 Upton Island Suite 364', 'CALPULALPAN', 'Michoacán', 'M', 'Egresado de la UNAM', 'ac@nasceturridiculusmus.co.uk', 'UZO43VPB6MP\r'),
(169, 'Kiona', 'Lander', 'Zamora', '1969-12-31', 10040031, 'Genética', 943.00, '16630323 5', '10443 Boyer Crest', 'TEOLOCHOLCO', 'Michoacán', 'M', 'Egrese de la UPTx', 'Nam.consequat.dolor@duiquis.org', 'GTK41XPT4EV\r'),
(170, 'Leo', 'Fernandez', 'Quechol', '1969-12-31', 10174424, 'Toxicología', 524.00, '16990706 3', '60534 Casper Forges Apt. 612', 'ATLANGATEPEC', 'Colima', 'M', 'Egresado de la UNAM', 'vitae@magnisdis.edu', 'ZKV91VTH4JY\r'),
(171, 'Renee', 'Fuentes', 'Aguirre', '1969-12-31', 10705794, 'Infectología', 328.00, '16760217 9', '6905 Ariel Spur', 'AMAXAC DE GUERRERO', 'Ciudad de México', 'F', 'Egresado de la UNAM', 'scelerisque@Integeraliquamadipiscing.ca', 'UFF34KWS4OH\r'),
(172, 'Chloe', 'Torres', 'Fuentes', '1969-12-31', 10421442, 'Nutriología', 268.00, '16710716 5', '52264 Adolfo Road Apt. 697', 'IXTENCO', 'Morelos', 'F', 'Estoy estudiando la maestría', 'et@rutrum.org', 'VKL79RQY4VW\r'),
(173, 'Kerry', 'Aguilar', 'Eliosa', '1969-12-31', 10562760, 'Infectología', 465.00, '16070711 9', '52264 Adolfo Road Apt. 697', 'NATIVITAS', 'Guanajuato', 'F', 'Egrese de la UPTx', 'nisi.Cum.sociis@elit.org', 'PLU45PMF5GM\r'),
(174, 'Jennifer', 'Zamora', 'Torres', '1969-12-31', 10700168, 'Genética', 358.00, '16021021 2', '23507 Edythe Loop Suite 522', 'EL CARMEN TEQUEXQUITLA', 'San Luis Potosí', 'M', 'Cuento con 6 doctorados', 'eros@sodaleseliterat.org', 'FNL69KKI2UT\r'),
(175, 'Lesley', 'Juarez', 'Maravilla', '1969-12-31', 10374260, 'Geriatría', 704.00, '16040726 3', '59301 Michale Manor', 'IXTACUIXTLA DE MARIANO MATAMOROS', 'Guerrero', 'M', 'Egresado de la UNAM', 'bibendum@luctusaliquet.net', 'YEU56CUG1AL\r'),
(176, 'Lucius', 'Aguilar', 'Fuentes', '1969-12-31', 10217420, 'Genética', 338.00, '16131215 4', '974 Tamia Motorway Suite 745', 'TEPEYANCO', 'Tabasco', 'F', 'Recién egresado', 'ipsum.primis.in@eu.ca', 'SGR02CIE4FP\r'),
(177, 'Nina', 'Angulo', 'Maravilla', '1969-12-31', 10264562, 'Nutriología', 698.00, '16590501 3', '96970 Isom Lights', 'CHIAUTEMPAN', 'San Luis Potosí', 'F', 'Estoy estudiando la maestría', 'Nullam@sedleo.org', 'UDU09CYF9BP\r'),
(178, 'Ciaran', 'Zamora', 'Zamora', '1969-12-31', 10679535, 'Neumología', 943.00, '16960916 3', '10443 Boyer Crest', 'IXTACUIXTLA DE MARIANO MATAMOROS', 'Jalisco', 'F', 'Estoy estudiando la maestría', 'Donec@Suspendissetristique.ca', 'ZOY71GFN9WN\r'),
(179, 'Baxter', 'Navarro', 'Bolaños', '1969-12-31', 10159869, 'Infectología', 473.00, '16570120 9', '96970 Isom Lights', 'TEOLOCHOLCO', 'Campeche', 'F', 'Egresado de la UNAM', 'velit.Quisque.varius@cursus.net', 'CHI84GYA9UP\r'),
(180, 'Joel', 'Galindo', 'Zamora', '1969-12-31', 10958817, 'Cardiología', 770.00, '16250923 3', '59301 Michale Manor', 'ATLANGATEPEC', 'Hidalgo', 'M', 'Estoy estudiando la maestría', 'pede@Vivamus.com', 'BWH95EFI0KU\r'),
(181, 'Odysseus', 'Navarro', 'Navarro', '1969-12-31', 10627943, 'Infectología', 178.00, '16901207 2', '52264 Adolfo Road Apt. 697', 'EL CARMEN TEQUEXQUITLA', 'Ciudad de México', 'M', 'Cuento con 6 doctorados', 'sit.amet.dapibus@sollicitudinadipiscingligula.com', 'FTA11ZVD9BH\r'),
(182, 'Deacon', 'Eliosa', 'Torres', '1969-12-31', 10450828, 'Angiología', 454.00, '16130529 6', '23507 Edythe Loop Suite 522', 'EL CARMEN TEQUEXQUITLA', 'Sonora', 'M', 'Estoy estudiando la maestría', 'turpis.Aliquam.adipiscing@aliquetvel.co.uk', 'ZHF67NXP8BK\r'),
(183, 'Zachery', 'Aguirre', 'Quechol', '1969-12-31', 10879740, 'Toxicología', 316.00, '16630123 7', '3549 Upton Island Suite 364', 'CHIAUTEMPAN', 'Yucatán', 'F', 'Egrese de la UPTx', 'vel.pede.blandit@accumsanneque.edu', 'ITJ04GTB9UY\r'),
(184, 'Richard', 'Juarez', 'Salinas', '1969-12-31', 10927789, 'Gastroenterología', 309.00, '16580312 9', '10443 Boyer Crest', 'PANOTLA', 'Oaxaca', 'M', 'Egresado de la UNAM', 'in.tempus.eu@feugiatmetus.ca', 'KZR46USD5OW\r'),
(185, 'Maggie', 'Maravilla', 'Angulo', '1969-12-31', 10203880, 'Gastroenterología', 488.00, '16410508 8', '10443 Boyer Crest', 'CALPULALPAN', 'Nayarit', 'F', 'Recién egresado', 'Aliquam.gravida@magna.net', 'ZEH62CUS3KE\r'),
(186, 'Hedda', 'Maravilla', 'Fernandez', '1969-12-31', 10584436, 'Anestesiología', 825.00, '16130922 3', '59301 Michale Manor', 'IXTENCO', 'Colima', 'F', 'Egrese de la UPTx', 'non.enim.commodo@fringillaeuismodenim.org', 'DXL38QLV8WQ\r'),
(187, 'Camille', 'Navarro', 'Galindo', '1969-12-31', 10591892, 'Nutriología', 319.00, '16560807 7', '60055 Brody Springs', 'EL CARMEN TEQUEXQUITLA', 'Aguascalientes', 'M', 'Egresado de la UNAM', 'diam.Duis@egetdictum.org', 'VHL01AYE4OY\r'),
(188, 'Xantha', 'Fuentes', 'Eliosa', '1969-12-31', 10993680, 'Hematología', 597.00, '16581027 0', '59301 Michale Manor', 'APETATITLÁN DE ANTONIO CARVAJAL', 'Colima', 'F', 'Egrese de la UPTx', 'ac.fermentum.vel@Inornare.org', 'FBY48NNK6NL\r'),
(189, 'Conan', 'Maravilla', 'Eliosa', '1969-12-31', 10691580, 'Neurología', 506.00, '16610808 6', '52264 Adolfo Road Apt. 697', 'APETATITLÁN DE ANTONIO CARVAJAL', 'Jalisco', 'F', 'Estoy estudiando la maestría', 'quis.pede@sit.net', 'GAX74POX6ZZ\r'),
(190, 'Hunter', 'Aguirre', 'Bolaños', '1969-12-31', 10429926, 'Reumatología', 864.00, '16250722 5', '59301 Michale Manor', 'CUAPIAXTLA', 'Tamaulipas', 'M', 'Cuento con 6 doctorados', 'Quisque.nonummy.ipsum@Sed.com', 'SGN61TPL0MT\r'),
(191, 'Nissim', 'Torres', 'Bolaños', '1969-12-31', 10818413, 'Nutriología', 603.00, '16301230 5', '96970 Isom Lights', 'TEOLOCHOLCO', 'Zacatecas', 'F', 'Estoy estudiando la maestría', 'felis.ullamcorper.viverra@velitjustonec.co.uk', 'NXI75LVN3PQ\r'),
(192, 'Idona', 'Eliosa', 'Galindo', '1969-12-31', 10157313, 'Reumatología', 334.00, '16570605 3', '23507 Edythe Loop Suite 522', 'IXTENCO', 'Sinaloa', 'M', 'Estoy estudiando la maestría', 'nisl.Quisque.fringilla@erateget.org', 'SWW74ELX3BA\r'),
(193, 'Otto', 'Galindo', 'Angulo', '1969-12-31', 10065972, 'Endocrinología', 158.00, '16070110 6', '52264 Adolfo Road Apt. 697', 'CHIAUTEMPAN', 'Michoacán', 'F', 'Estoy estudiando la maestría', 'erat.volutpat@fermentumfermentumarcu.net', 'MUY99WLM0NH\r'),
(194, 'Kim', 'Fernandez', 'Fuentes', '1969-12-31', 10711777, 'Angiología', 600.00, '16340121 5', '631 Zoey Orchard Suite 288', 'NATIVITAS', 'Baja California Sur', 'M', 'Recién egresado', 'mauris.elit@acmetusvitae.edu', 'HTG08DGZ3ZC\r'),
(195, 'Haviva', 'Zamora', 'Juarez', '1969-12-31', 10363128, 'Pediatría', 871.00, '16030726 2', '10443 Boyer Crest', 'CUAPIAXTLA', 'Zacatecas', 'F', 'Egrese de la UPTx', 'semper.egestas.urna@egestasAliquamfringilla.edu', 'TKL63CIR4OP\r'),
(196, 'Aimee', 'Maravilla', 'Navarro', '1969-12-31', 10040010, 'Estomatología', 986.00, '16021026 5', '23507 Edythe Loop Suite 522', 'APETATITLÁN DE ANTONIO CARVAJAL', 'Quintana Ro', 'M', 'Estoy estudiando la maestría', 'feugiat.placerat.velit@Namconsequat.net', 'JYM93ZYV9UU\r'),
(197, 'Brendan', 'Salinas', 'Angulo', '1969-12-31', 11100852, 'Toxicología', 472.00, '16760503 0', '23507 Edythe Loop Suite 522', 'ALTZAYANCA', 'Ciudad de México', 'M', 'Estoy estudiando la maestría', 'nec.quam.Curabitur@nectempus.org', 'ZIJ67RNL5PE\r'),
(198, 'Oren', 'Torres', 'Juarez', '1969-12-31', 10748346, 'Hematología', 477.00, '16360828 5', '3549 Upton Island Suite 364', 'TENANCINGO', 'Ciudad de México', 'M', 'Recién egresado', 'in.felis.Nulla@maurisanunc.co.uk', 'QOZ30GWO8GM\r'),
(199, 'Larissa', 'Rosas', 'Bolaños', '1969-12-31', 10633654, 'Anestesiología', 121.00, '16430102 9', '59301 Michale Manor', 'IXTACUIXTLA DE MARIANO MATAMOROS', 'Oaxaca', 'F', 'Recién egresado', 'dui.nec.urna@lobortisClassaptent.co.uk', 'ALF78QEN1TP\r'),
(200, 'Naida', 'Navarro', 'Aguilar', '1969-12-31', 10359974, 'Hepatología', 947.00, '16180522 4', '23507 Edythe Loop Suite 522', 'CUAXOMULCO', 'Hidalgo', 'F', 'Recién egresado', 'semper.dui@accumsanlaoreetipsum.edu', 'OTI35DTZ0TE'),
(201, 'Brynn', 'Maravilla', 'Quechol', '1969-12-31', 10506757, 'Geriatría', 951.00, '16680109 0', '60055 Brody Springs', 'CALPULALPAN', 'Quintana Ro', 'M', 'Recién egresado', 'ante.Vivamus.non@arcueu.org', 'VZR30QKF6YU\r'),
(202, 'Stacy', 'Torres', 'Lander', '1969-12-31', 10915951, 'Toxicología', 572.00, '16471201 2', '60055 Brody Springs', 'CUAXOMULCO', 'Michoacán', 'F', 'Cuento con 6 doctorados', 'tempor.est.ac@pedenec.ca', 'CKL39LMR3RM\r'),
(203, 'Kuame', 'Aguirre', 'Aguirre', '1969-12-31', 10321168, 'Genética', 581.00, '16791009 7', '6905 Ariel Spur', 'ATLANGATEPEC', 'Tabasco', 'F', 'Egresado de la UNAM', 'rutrum.Fusce@Sedet.net', 'TLC84XBX9UQ\r'),
(204, 'Gisela', 'Quechol', 'Fernandez', '1969-12-31', 10503857, 'Reumatología', 257.00, '16791009 6', '631 Zoey Orchard Suite 288', 'ALTZAYANCA', 'Colima', 'M', 'Estoy estudiando la maestría', 'Praesent.eu@nondapibusrutrum.net', 'BCQ23ASM5OL\r'),
(205, 'Colt', 'Juarez', 'Angulo', '1969-12-31', 10105317, 'Reumatología', 295.00, '16000425 7', '974 Tamia Motorway Suite 745', 'CUAPIAXTLA', 'Baja California Sur', 'M', 'Egrese de la UPTx', 'tincidunt.vehicula@vitaerisusDuis.co.uk', 'MQO12MUY7CK\r'),
(206, 'Nevada', 'Aguirre', 'Aguirre', '1969-12-31', 10262221, 'Reumatología', 672.00, '16480917 4', '60055 Brody Springs', 'ATLANGATEPEC', 'Estado de México', 'M', 'Cuento con 6 doctorados', 'tempus.scelerisque.lorem@velit.org', 'YQR94WIE4WC\r'),
(207, 'Mollie', 'Eliosa', 'Torres', '1969-12-31', 10114938, 'Infectología', 351.00, '16680913 2', '631 Zoey Orchard Suite 288', 'IXTACUIXTLA DE MARIANO MATAMOROS', 'Zacatecas', 'M', 'Recién egresado', 'leo@Naminterdum.edu', 'RKK55WTB3ET\r'),
(208, 'Yeo', 'Bolaños', 'Zamora', '1969-12-31', 10440492, 'Anestesiología', 754.00, '16710901 6', '23507 Edythe Loop Suite 522', 'CHIAUTEMPAN', 'Puebla', 'F', 'Estoy estudiando la maestría', 'vitae.aliquet@dolor.co.uk', 'WGT39SJS2IU\r'),
(209, 'Nora', 'Fernandez', 'Fernandez', '1969-12-31', 10070793, 'Infectología', 504.00, '16510625 2', '6905 Ariel Spur', 'IXTENCO', 'San Luis Potosí', 'F', 'Estoy estudiando la maestría', 'fermentum.risus@dignissimlacus.edu', 'RHM96BGD9EL\r'),
(210, 'Macon', 'Rosas', 'Fernandez', '1969-12-31', 10798248, 'Genética', 451.00, '16540912 4', '10443 Boyer Crest', 'CUAXOMULCO', 'Sonora', 'F', 'Egresado de la UNAM', 'Suspendisse.ac.metus@arcu.co.uk', 'VFS03ZNH9TJ\r'),
(211, 'Emery', 'Cruz', 'Zamora', '1969-12-31', 10981244, 'Neurología', 334.00, '16551019 9', '974 Tamia Motorway Suite 745', 'IXTACUIXTLA DE MARIANO MATAMOROS', 'Veracruz', 'F', 'Recién egresado', 'diam.Proin.dolor@tristique.org', 'DRC13OKC8XH\r'),
(212, 'Jacqueline', 'Rosas', 'Angulo', '1969-12-31', 10292943, 'Pediatría', 469.00, '16060118 8', '60055 Brody Springs', 'APIZACO', 'Aguascalientes', 'F', 'Cuento con 6 doctorados', 'pellentesque.massa.lobortis@Proin.net', 'LFI32XKJ4KT\r'),
(213, 'Austin', 'Cruz', 'Torres', '1969-12-31', 10786659, 'Genética', 724.00, '16420628 4', '52264 Adolfo Road Apt. 697', 'ATLANGATEPEC', 'Puebla', 'F', 'Recién egresado', 'dolor@dolorQuisquetincidunt.edu', 'ZYP21HOY5VK\r');
INSERT INTO `doctor` (`idDoctor`, `Nombre`, `Apaterno`, `Amaterno`, `FN`, `Cedula`, `Especialidad`, `CostoConsulta`, `Telefono`, `Calle`, `Municipio`, `Estado`, `Sexo`, `Experiencia`, `Correo`, `Password`) VALUES
(214, 'Brynn', 'Angulo', 'Salinas', '1969-12-31', 10752838, 'Endocrinología', 619.00, '16691207 3', '23507 Edythe Loop Suite 522', 'EL CARMEN TEQUEXQUITLA', 'Jalisco', 'F', 'Estoy estudiando la maestría', 'Sed.et.libero@nisl.co.uk', 'FNK06FYS5HT\r'),
(215, 'Geoffrey', 'Quechol', 'Navarro', '1969-12-31', 10276836, 'Cardiología', 391.00, '16450224 8', '3549 Upton Island Suite 364', 'PANOTLA', 'Aguascalientes', 'M', 'Estoy estudiando la maestría', 'Nam.nulla.magna@maurisa.co.uk', 'KGV11EKK4PN\r'),
(216, 'Madaline', 'Fernandez', 'Galindo', '1969-12-31', 11079908, 'Reumatología', 421.00, '16130906 5', '6905 Ariel Spur', 'IXTENCO', 'Nuevo León', 'F', 'Egresado de la UNAM', 'commodo@fringilla.net', 'JSB63MOD7DT\r'),
(217, 'Meredith', 'Rosas', 'Fernandez', '1969-12-31', 10531976, 'Hepatología', 874.00, '16761126 1', '10443 Boyer Crest', 'AMAXAC DE GUERRERO', 'Nuevo León', 'F', 'Cuento con 6 doctorados', 'tortor@gravida.org', 'CEB53LFH0SG\r'),
(218, 'Craig', 'Eliosa', 'Salinas', '1969-12-31', 10242234, 'Endocrinología', 762.00, '16190619 1', '60055 Brody Springs', 'CUAPIAXTLA', 'Nayarit', 'M', 'Recién egresado', 'sit.amet@enimnislelementum.com', 'GJN86RGM1NL\r'),
(219, 'Regina', 'Salinas', 'Lander', '1969-12-31', 10778849, 'Angiología', 610.00, '16640915 7', '631 Zoey Orchard Suite 288', 'IXTACUIXTLA DE MARIANO MATAMOROS', 'Coahuila', 'F', 'Egresado de la UNAM', 'varius@augueporttitorinterdum.edu', 'GZV88PQC9FW\r'),
(220, 'Owen', 'Cruz', 'Eliosa', '1969-12-31', 10109619, 'Endocrinología', 347.00, '16030503 2', '974 Tamia Motorway Suite 745', 'TERRENATE', 'Guerrero', 'M', 'Cuento con 6 doctorados', 'facilisis.Suspendisse.commodo@Fuscemi.org', 'NEG92REV9RG\r'),
(221, 'Allistair', 'Aguirre', 'Cruz', '1969-12-31', 10593356, 'Angiología', 645.00, '16650113 9', '96970 Isom Lights', 'CUAPIAXTLA', 'Guerrero', 'F', 'Egrese de la UPTx', 'non@maurissitamet.ca', 'ZFN54QTS7UR\r'),
(222, 'Regina', 'Fernandez', 'Bolaños', '1969-12-31', 10887730, 'Geriatría', 408.00, '16130204 6', '60055 Brody Springs', 'APIZACO', 'Chihuahua', 'F', 'Recién egresado', 'eleifend.vitae@orciconsectetuer.ca', 'PJY36DQD1FM\r'),
(223, 'Roth', 'Galindo', 'Maravilla', '1969-12-31', 10405610, 'Geriatría', 652.00, '16300218 0', '23507 Edythe Loop Suite 522', 'TERRENATE', 'Colima', 'F', 'Estoy estudiando la maestría', 'risus@tacitisociosqu.net', 'TYE61GHX2OV\r'),
(224, 'Phelan', 'Salinas', 'Juarez', '1969-12-31', 10664916, 'Angiología', 799.00, '16460921 7', '631 Zoey Orchard Suite 288', 'CUAPIAXTLA', 'Chiapas', 'M', 'Estoy estudiando la maestría', 'nec.imperdiet.nec@ullamcorpernisl.ca', 'ROZ61PGK4NG\r'),
(225, 'Eleanor', 'Torres', 'Salinas', '1969-12-31', 10221171, 'Psiquiatría', 755.00, '16050813 6', '52264 Adolfo Road Apt. 697', 'CUAXOMULCO', 'Coahuila', 'M', 'Recién egresado', 'mollis.non.cursus@enimsit.ca', 'IPY14XOV2HZ\r'),
(226, 'Patrick', 'Quechol', 'Angulo', '1969-12-31', 11026543, 'Neumología', 611.00, '16060815 5', '23507 Edythe Loop Suite 522', 'EL CARMEN TEQUEXQUITLA', 'Nuevo León', 'M', 'Egrese de la UPTx', 'risus.at.fringilla@Donecfeugiatmetus.com', 'PAO15ZYJ2OI\r'),
(227, 'Danielle', 'Aguilar', 'Eliosa', '1969-12-31', 10237465, 'Psiquiatría', 403.00, '16190421 6', '974 Tamia Motorway Suite 745', 'NATIVITAS', 'Tamaulipas', 'F', 'Egrese de la UPTx', 'nisi@dolornonummyac.edu', 'WSM60LOT0BE\r'),
(228, 'Sonya', 'Salinas', 'Salinas', '1969-12-31', 10000648, 'Genética', 653.00, '16500423 0', '6905 Ariel Spur', 'TENANCINGO', 'Tabasco', 'M', 'Estoy estudiando la maestría', 'taciti@estmauris.net', 'DLQ20TRL6WI\r'),
(229, 'Gabriel', 'Navarro', 'Salinas', '1969-12-31', 10358741, 'Neumología', 892.00, '16530506 5', '6905 Ariel Spur', 'IXTENCO', 'Baja California', 'M', 'Estoy estudiando la maestría', 'odio@auctorodioa.co.uk', 'SDB57BJO9VA\r'),
(230, 'Axel', 'Torres', 'Juarez', '1969-12-31', 10728591, 'Cardiología', 175.00, '16380726 8', '60055 Brody Springs', 'CALPULALPAN', 'Veracruz', 'M', 'Estoy estudiando la maestría', 'mattis.velit@gravidanunc.ca', 'OZP84PJF3TK\r'),
(231, 'McKenzie', 'Quechol', 'Aguirre', '1969-12-31', 10665846, 'Endocrinología', 242.00, '16801215 2', '60055 Brody Springs', 'PANOTLA', 'Campeche', 'F', 'Egresado de la UNAM', 'adipiscing.lacus.Ut@Vivamusmolestiedapibus.net', 'KAX28MWN1TM\r'),
(232, 'Stephen', 'Cruz', 'Navarro', '1969-12-31', 10848435, 'Anestesiología', 450.00, '16701023 0', '52264 Adolfo Road Apt. 697', 'APIZACO', 'Querétaro', 'F', 'Cuento con 6 doctorados', 'erat.in.consectetuer@neque.co.uk', 'ULM76RAH6SP\r'),
(233, 'Pandora', 'Salinas', 'Torres', '1969-12-31', 10422603, 'Cardiología', 646.00, '16270719 1', '60055 Brody Springs', 'NATIVITAS', 'Tamaulipas', 'F', 'Estoy estudiando la maestría', 'euismod@ipsum.org', 'HOF81ZVC6BB\r'),
(234, 'Irma', 'Cruz', 'Cruz', '1969-12-31', 10048174, 'Hematología', 996.00, '16820718 6', '60534 Casper Forges Apt. 612', 'TEOLOCHOLCO', 'Zacatecas', 'M', 'Recién egresado', 'mauris.blandit.mattis@liberolacus.org', 'RNM98GRK3HV\r'),
(235, 'Karly', 'Cruz', 'Juarez', '1969-12-31', 10781166, 'Geriatría', 917.00, '16300315 3', '3549 Upton Island Suite 364', 'EL CARMEN TEQUEXQUITLA', 'Tlaxcala', 'M', 'Egrese de la UPTx', 'massa@nec.net', 'NPS54OAX2MB\r'),
(236, 'Basil', 'Quechol', 'Torres', '1969-12-31', 10819897, 'Neurología', 341.00, '16160413 6', '631 Zoey Orchard Suite 288', 'IXTENCO', 'Veracruz', 'M', 'Egresado de la UNAM', 'eleifend.non.dapibus@ridiculus.edu', 'TDA36GBE6WQ\r'),
(237, 'Tyler', 'Angulo', 'Lander', '1969-12-31', 10568961, 'Hepatología', 524.00, '16810808 7', '974 Tamia Motorway Suite 745', 'IXTENCO', 'Guanajuato', 'F', 'Recién egresado', 'Cras.vehicula.aliquet@nunc.co.uk', 'ZBN02VHK5BK\r'),
(238, 'Libby', 'Torres', 'Zamora', '1969-12-31', 10128359, 'Genética', 359.00, '16170906 3', '23507 Edythe Loop Suite 522', 'CALPULALPAN', 'Yucatán', 'F', 'Egrese de la UPTx', 'metus.In@risus.co.uk', 'YGL78ZNV9TG\r'),
(239, 'Hasad', 'Rosas', 'Rosas', '1969-12-31', 10948256, 'Toxicología', 150.00, '16100222 5', '60055 Brody Springs', 'TERRENATE', 'Chihuahua', 'F', 'Estoy estudiando la maestría', 'nisi.Aenean@eu.ca', 'VDH46SIW9MA\r'),
(240, 'Fuller', 'Zamora', 'Rosas', '1969-12-31', 10159735, 'Toxicología', 367.00, '16800914 2', '60055 Brody Springs', 'IXTACUIXTLA DE MARIANO MATAMOROS', 'Ciudad de México', 'M', 'Estoy estudiando la maestría', 'nonummy.ipsum.non@tincidunt.ca', 'OJS82ZLZ4TT\r'),
(241, 'Jamalia', 'Quechol', 'Galindo', '1969-12-31', 10898776, 'Neurología', 376.00, '16381210 3', '52264 Adolfo Road Apt. 697', 'APIZACO', 'Quintana Ro', 'F', 'Cuento con 6 doctorados', 'quis@rutrumjustoPraesent.org', 'YVE41XHI6FG\r'),
(242, 'Charles', 'Juarez', 'Cruz', '1969-12-31', 10891409, 'Infectología', 549.00, '16160614 0', '3549 Upton Island Suite 364', 'ATLANGATEPEC', 'Puebla', 'F', 'Recién egresado', 'quis.diam@risusNuncac.ca', 'NYM16FKC4MK\r'),
(243, 'Tiger', 'Maravilla', 'Fuentes', '1969-12-31', 10766989, 'Neurología', 852.00, '16941012 0', '96970 Isom Lights', 'CUAPIAXTLA', 'Aguascalientes', 'F', 'Recién egresado', 'ac@convallis.org', 'GZL59RJN4PV\r'),
(244, 'Halee', 'Galindo', 'Salinas', '1969-12-31', 11099857, 'Angiología', 340.00, '16250823 6', '96970 Isom Lights', 'IXTACUIXTLA DE MARIANO MATAMOROS', 'San Luis Potosí', 'M', 'Egrese de la UPTx', 'semper.Nam.tempor@est.net', 'BLT59YDF0XO\r'),
(245, 'Camille', 'Zamora', 'Aguilar', '1969-12-31', 10675735, 'Geriatría', 408.00, '16320319 0', '59301 Michale Manor', 'CHIAUTEMPAN', 'Nayarit', 'F', 'Egrese de la UPTx', 'eu.nulla@Namacnulla.edu', 'GTN01COC6GW\r'),
(246, 'Tarik', 'Angulo', 'Rosas', '1969-12-31', 10458829, 'Pediatría', 129.00, '16390610 1', '6905 Ariel Spur', 'TENANCINGO', 'Tlaxcala', 'M', 'Egresado de la UNAM', 'malesuada.fringilla@Seddictum.org', 'EZF50AGN8YN\r'),
(247, 'Dale', 'Eliosa', 'Quechol', '1969-12-31', 10470118, 'Pediatría', 889.00, '16250218 4', '974 Tamia Motorway Suite 745', 'CHIAUTEMPAN', 'Durango', 'F', 'Estoy estudiando la maestría', 'et.tristique.pellentesque@Duissitamet.net', 'OOM01VEJ4XG\r'),
(248, 'Garrison', 'Bolaños', 'Aguilar', '1969-12-31', 10893482, 'Endocrinología', 999.99, '16720815 2', '52264 Adolfo Road Apt. 697', 'IXTENCO', 'Sonora', 'M', 'Egrese de la UPTx', 'eget.metus.eu@aliquameu.ca', 'VHE03ICF0QF\r'),
(249, 'Larissa', 'Eliosa', 'Cruz', '1969-12-31', 10976535, 'Toxicología', 450.00, '16960930 5', '3549 Upton Island Suite 364', 'CUAXOMULCO', 'Tlaxcala', 'F', 'Egresado de la UNAM', 'Aliquam@Nunc.ca', 'OTO91TBK8KE\r'),
(250, 'Sade', 'Fuentes', 'Juarez', '1969-12-31', 11011214, 'Neurología', 546.00, '16521219 8', '974 Tamia Motorway Suite 745', 'TEPEYANCO', 'Yucatán', 'M', 'Recién egresado', 'hymenaeos@pede.co.uk', 'IKU12VLB2PG\r'),
(251, 'Alexis', 'Fuentes', 'Bolaños', '1969-12-31', 10353637, 'Neurología', 475.00, '16700507 0', '96970 Isom Lights', 'AMAXAC DE GUERRERO', 'Tlaxcala', 'M', 'Estoy estudiando la maestría', 'metus.vitae.velit@laoreet.org', 'MSL67UHK7VU\r'),
(252, 'Alec', 'Aguirre', 'Juarez', '1969-12-31', 10481337, 'Angiología', 433.00, '16860804 8', '631 Zoey Orchard Suite 288', 'IXTENCO', 'Guanajuato', 'F', 'Cuento con 6 doctorados', 'Quisque@Nuncullamcorper.co.uk', 'ZTF10OGL1XO\r'),
(253, 'Lyle', 'Cruz', 'Eliosa', '1969-12-31', 10687355, 'Hepatología', 872.00, '16930112 0', '23507 Edythe Loop Suite 522', 'TENANCINGO', 'Nuevo León', 'M', 'Cuento con 6 doctorados', 'arcu@turpisegestas.edu', 'REL88LVM7WY\r'),
(254, 'Emily', 'Angulo', 'Zamora', '1969-12-31', 10011685, 'Psiquiatría', 801.00, '16170826 8', '23507 Edythe Loop Suite 522', 'NATIVITAS', 'Chihuahua', 'F', 'Recién egresado', 'condimentum.eget@Proin.ca', 'YYL68IHY2RZ\r'),
(255, 'Ivan', 'Cruz', 'Maravilla', '1969-12-31', 10305735, 'Angiología', 523.00, '16030602 1', '6905 Ariel Spur', 'TEOLOCHOLCO', 'Coahuila', 'M', 'Cuento con 6 doctorados', 'at.risus.Nunc@nisl.org', 'HLE06AWL8UW\r'),
(256, 'Mia', 'Eliosa', 'Angulo', '1969-12-31', 10848205, 'Estomatología', 986.00, '16040415 6', '60534 Casper Forges Apt. 612', 'TERRENATE', 'Morelos', 'M', 'Cuento con 6 doctorados', 'luctus@euismod.net', 'ZMP76HIX4XC\r'),
(257, 'Iona', 'Salinas', 'Maravilla', '1969-12-31', 11101900, 'Nutriología', 386.00, '16731007 5', '96970 Isom Lights', 'CUAXOMULCO', 'Yucatán', 'M', 'Egresado de la UNAM', 'eget.dictum.placerat@nasceturridiculusmus.net', 'NLL36POD3JQ\r'),
(258, 'Remedios', 'Angulo', 'Cruz', '1969-12-31', 10104896, 'Toxicología', 259.00, '16151001 8', '96970 Isom Lights', 'TERRENATE', 'Baja California', 'M', 'Recién egresado', 'nec@blanditcongueIn.net', 'BSZ08IFY5LR\r'),
(259, 'Chiquita', 'Juarez', 'Salinas', '1969-12-31', 11074233, 'Gastroenterología', 435.00, '16171017 7', '10443 Boyer Crest', 'CUAXOMULCO', 'Tabasco', 'M', 'Egrese de la UPTx', 'iaculis.aliquet@Aliquamadipiscinglobortis.co.uk', 'TRR33FFP1XC\r'),
(260, 'Dylan', 'Salinas', 'Lander', '1969-12-31', 10440621, 'Anestesiología', 674.00, '16010316 3', '974 Tamia Motorway Suite 745', 'IXTACUIXTLA DE MARIANO MATAMOROS', 'San Luis Potosí', 'F', 'Recién egresado', 'justo.faucibus.lectus@neque.com', 'WDK29BFN8KI\r'),
(261, 'Uriel', 'Cruz', 'Torres', '1969-12-31', 11086679, 'Reumatología', 762.00, '16490909 3', '23507 Edythe Loop Suite 522', 'ALTZAYANCA', 'Veracruz', 'F', 'Recién egresado', 'Sed.dictum@convallisconvallis.com', 'QUS09FRH0NT\r'),
(262, 'Madonna', 'Fuentes', 'Fernandez', '1969-12-31', 11083240, 'Estomatología', 351.00, '16020227 3', '59301 Michale Manor', 'CUAXOMULCO', 'Oaxaca', 'M', 'Estoy estudiando la maestría', 'vulputate@convallisest.co.uk', 'FNU58OMW7FP\r'),
(263, 'Jelani', 'Maravilla', 'Bolaños', '1969-12-31', 10348138, 'Toxicología', 210.00, '16261017 5', '3549 Upton Island Suite 364', 'CALPULALPAN', 'Michoacán', 'M', 'Egrese de la UPTx', 'sagittis@acturpisegestas.org', 'DFC85OUP2GN\r'),
(264, 'Seth', 'Galindo', 'Lander', '1969-12-31', 10077470, 'Anestesiología', 455.00, '16451017 5', '60534 Casper Forges Apt. 612', 'TEPEYANCO', 'Baja California', 'M', 'Egrese de la UPTx', 'elit.pede@aliquet.co.uk', 'ASO35TNS3HD\r'),
(265, 'Xerxes', 'Navarro', 'Aguirre', '1969-12-31', 11081732, 'Nutriología', 687.00, '16351106 6', '6905 Ariel Spur', 'EL CARMEN TEQUEXQUITLA', 'Coahuila', 'M', 'Egresado de la UNAM', 'Duis.gravida@lacus.ca', 'XTG68QDQ3ZU\r'),
(266, 'Sade', 'Quechol', 'Salinas', '1969-12-31', 10527802, 'Geriatría', 487.00, '16050416 9', '631 Zoey Orchard Suite 288', 'PANOTLA', 'Tlaxcala', 'F', 'Cuento con 6 doctorados', 'tristique.aliquet.Phasellus@vestibulumMaurismagna.', 'NOD04XQM8NX\r'),
(267, 'Hannah', 'Eliosa', 'Angulo', '1969-12-31', 10535267, 'Infectología', 503.00, '16960108 4', '60534 Casper Forges Apt. 612', 'IXTENCO', 'Estado de México', 'F', 'Cuento con 6 doctorados', 'laoreet.libero.et@ultricies.ca', 'KFP06YJZ9AU\r'),
(268, 'Alice', 'Angulo', 'Salinas', '1969-12-31', 10178794, 'Gastroenterología', 100.00, '16851126 3', '59301 Michale Manor', 'IXTACUIXTLA DE MARIANO MATAMOROS', 'Sonora', 'F', 'Recién egresado', 'eget@sempertellusid.co.uk', 'VFO67WLE4FE\r'),
(269, 'Hayley', 'Cruz', 'Juarez', '1969-12-31', 10422515, 'Estomatología', 785.00, '16100425 0', '974 Tamia Motorway Suite 745', 'PANOTLA', 'Tlaxcala', 'M', 'Recién egresado', 'lectus.pede@non.ca', 'HWF04RUF5YV\r'),
(270, 'Astra', 'Cruz', 'Salinas', '1969-12-31', 11060149, 'Gastroenterología', 565.00, '16150328 2', '3549 Upton Island Suite 364', 'IXTENCO', 'Sinaloa', 'M', 'Egresado de la UNAM', 'sapien.Cras@egestashendrerit.ca', 'UDZ40NBP3PR\r'),
(271, 'Noah', 'Salinas', 'Navarro', '1969-12-31', 10086703, 'Estomatología', 665.00, '16230123 9', '3549 Upton Island Suite 364', 'PANOTLA', 'Chiapas', 'F', 'Egresado de la UNAM', 'In.scelerisque.scelerisque@Sednulla.org', 'HRO70YVW3XV\r'),
(272, 'Harrison', 'Fernandez', 'Aguilar', '1969-12-31', 10524623, 'Neurología', 488.00, '16000110 6', '60055 Brody Springs', 'TERRENATE', 'Estado de México', 'F', 'Cuento con 6 doctorados', 'tortor.at@volutpatNulla.ca', 'OGP18VKN0SR\r'),
(273, 'Alan', 'Torres', 'Juarez', '1969-12-31', 10692198, 'Cardiología', 927.00, '16191102 6', '10443 Boyer Crest', 'AMAXAC DE GUERRERO', 'San Luis Potosí', 'M', 'Recién egresado', 'Cras.dictum@mus.co.uk', 'IRF13YHM2OL\r'),
(274, 'Whitney', 'Bolaños', 'Zamora', '1969-12-31', 10093498, 'Genética', 229.00, '16840529 2', '10443 Boyer Crest', 'PANOTLA', 'Jalisco', 'F', 'Estoy estudiando la maestría', 'arcu@eratSednunc.ca', 'WGB45EDY8SG\r'),
(275, 'Kiara', 'Salinas', 'Angulo', '1969-12-31', 11067402, 'Angiología', 158.00, '16040923 8', '974 Tamia Motorway Suite 745', 'CALPULALPAN', 'Hidalgo', 'F', 'Cuento con 6 doctorados', 'risus.varius@laoreetipsum.edu', 'TDI13ADS2DG\r'),
(276, 'Vincent', 'Bolaños', 'Maravilla', '1969-12-31', 11095394, 'Neumología', 270.00, '16570729 4', '974 Tamia Motorway Suite 745', 'CHIAUTEMPAN', 'Hidalgo', 'M', 'Recién egresado', 'fermentum@etrutrum.com', 'OYF19RCY7MP\r'),
(277, 'Urielle', 'Bolaños', 'Aguirre', '1969-12-31', 10147451, 'Gastroenterología', 270.00, '16080509 6', '96970 Isom Lights', 'TEOLOCHOLCO', 'Yucatán', 'M', 'Egresado de la UNAM', 'vitae.orci.Phasellus@blanditmattis.ca', 'OER50PAE8GL\r'),
(278, 'Ignatius', 'Juarez', 'Zamora', '1969-12-31', 10445857, 'Gastroenterología', 813.00, '16571211 2', '6905 Ariel Spur', 'IXTENCO', 'Querétaro', 'M', 'Egresado de la UNAM', 'facilisis.lorem.tristique@arcuVestibulumante.edu', 'FHI53DWC5ZW\r'),
(279, 'Ezekiel', 'Torres', 'Rosas', '1969-12-31', 10220048, 'Neurología', 791.00, '16290225 4', '96970 Isom Lights', 'IXTENCO', 'Nuevo León', 'F', 'Egresado de la UNAM', 'Donec.non.justo@aliquet.ca', 'BOM45LXT2PT\r'),
(280, 'Isabelle', 'Aguirre', 'Cruz', '1969-12-31', 10425376, 'Hematología', 195.00, '16270107 3', '10443 Boyer Crest', 'TERRENATE', 'Veracruz', 'F', 'Recién egresado', 'Proin.vel@etliberoProin.edu', 'SBI86RIX6KY\r'),
(281, 'Theodore', 'Rosas', 'Salinas', '1969-12-31', 10528007, 'Nutriología', 990.00, '16760314 0', '59301 Michale Manor', 'CHIAUTEMPAN', 'Quintana Ro', 'F', 'Recién egresado', 'amet.consectetuer.adipiscing@sit.org', 'YGL35BMR0CI\r'),
(282, 'Jeremy', 'Angulo', 'Quechol', '1969-12-31', 11091447, 'Estomatología', 422.00, '16761017 2', '60534 Casper Forges Apt. 612', 'IXTACUIXTLA DE MARIANO MATAMOROS', 'Yucatán', 'M', 'Egresado de la UNAM', 'dolor.Fusce.mi@ipsumnon.edu', 'CUR86MTS8AL\r'),
(283, 'Jamal', 'Quechol', 'Lander', '1969-12-31', 10650548, 'Nutriología', 876.00, '16621107 5', '23507 Edythe Loop Suite 522', 'TEOLOCHOLCO', 'Veracruz', 'F', 'Cuento con 6 doctorados', 'diam.vel.arcu@Nuncmauriselit.edu', 'EDI82IFN7SA\r'),
(284, 'Petra', 'Maravilla', 'Angulo', '1969-12-31', 11015800, 'Neurología', 612.00, '16960815 2', '52264 Adolfo Road Apt. 697', 'TERRENATE', 'Hidalgo', 'M', 'Cuento con 6 doctorados', 'elit.Curabitur@in.co.uk', 'IFV20BHQ9KI\r'),
(285, 'Callum', 'Quechol', 'Quechol', '1969-12-31', 10418955, 'Gastroenterología', 415.00, '16571004 4', '631 Zoey Orchard Suite 288', 'IXTACUIXTLA DE MARIANO MATAMOROS', 'Morelos', 'F', 'Estoy estudiando la maestría', 'et.pede@velturpis.ca', 'YEE50EJM3YC\r'),
(286, 'Ryan', 'Lander', 'Angulo', '1969-12-31', 10117246, 'Hematología', 906.00, '16060924 0', '974 Tamia Motorway Suite 745', 'TEOLOCHOLCO', 'Tabasco', 'M', 'Cuento con 6 doctorados', 'pellentesque.eget@iaculisaliquetdiam.org', 'JSH44BYA4UC\r'),
(287, 'Skyler', 'Torres', 'Torres', '1969-12-31', 10811726, 'Cardiología', 613.00, '16230607 6', '6905 Ariel Spur', 'AMAXAC DE GUERRERO', 'Nuevo León', 'F', 'Estoy estudiando la maestría', 'Vivamus.nibh@suscipit.edu', 'XWY04EKX3TV\r'),
(288, 'Darius', 'Juarez', 'Juarez', '1969-12-31', 10876595, 'Hepatología', 238.00, '16270413 3', '96970 Isom Lights', 'CALPULALPAN', 'Tabasco', 'M', 'Egresado de la UNAM', 'sit@euplacerat.net', 'PWJ36YUF9CS\r'),
(289, 'Sarah', 'Salinas', 'Salinas', '1969-12-31', 10630006, 'Neurología', 145.00, '16610928 6', '10443 Boyer Crest', 'EL CARMEN TEQUEXQUITLA', 'Zacatecas', 'M', 'Egresado de la UNAM', 'vel.arcu.Curabitur@arcu.ca', 'FCF40VZA6FC\r'),
(290, 'Kuame', 'Eliosa', 'Torres', '1969-12-31', 10431373, 'Neumología', 680.00, '16400202 3', '10443 Boyer Crest', 'TENANCINGO', 'Colima', 'F', 'Cuento con 6 doctorados', 'aliquet.diam@noncursusnon.ca', 'UND49KOX5WD\r'),
(291, 'Fatima', 'Quechol', 'Quechol', '1969-12-31', 10506104, 'Geriatría', 108.00, '16390123 3', '52264 Adolfo Road Apt. 697', 'TERRENATE', 'Estado de México', 'M', 'Cuento con 6 doctorados', 'ac@antedictum.com', 'GLS80DNF8WN\r'),
(292, 'Perry', 'Aguilar', 'Aguirre', '1969-12-31', 10229051, 'Pediatría', 403.00, '16790918 6', '6905 Ariel Spur', 'PANOTLA', 'Tamaulipas', 'M', 'Recién egresado', 'vitae.purus.gravida@erosNamconsequat.com', 'NSN77ZRB2KG\r'),
(293, 'Dexter', 'Salinas', 'Juarez', '1969-12-31', 10003250, 'Geriatría', 735.00, '16300702 7', '6905 Ariel Spur', 'IXTACUIXTLA DE MARIANO MATAMOROS', 'Aguascalientes', 'F', 'Cuento con 6 doctorados', 'diam.lorem.auctor@convallisdolorQuisque.net', 'HBY78RTN4IT\r'),
(294, 'Nita', 'Navarro', 'Bolaños', '1969-12-31', 10948257, 'Genética', 604.00, '16040109 4', '60534 Casper Forges Apt. 612', 'TEPEYANCO', 'Tlaxcala', 'F', 'Recién egresado', 'ultricies.sem@Sedetlibero.org', 'KUZ17KTK2BU\r'),
(295, 'Zachery', 'Angulo', 'Torres', '1969-12-31', 10062261, 'Angiología', 989.00, '16360511 2', '59301 Michale Manor', 'CUAPIAXTLA', 'Hidalgo', 'F', 'Recién egresado', 'vestibulum@magnisdis.edu', 'JMY31TRY8BW\r'),
(296, 'Alexa', 'Torres', 'Navarro', '1969-12-31', 11077570, 'Gastroenterología', 134.00, '16241222 2', '974 Tamia Motorway Suite 745', 'CHIAUTEMPAN', 'Campeche', 'F', 'Estoy estudiando la maestría', 'cubilia.Curae@elitsed.edu', 'ZVP12DAQ8JT\r'),
(297, 'Elijah', 'Aguilar', 'Fuentes', '1969-12-31', 10593274, 'Gastroenterología', 458.00, '16360411 3', '10443 Boyer Crest', 'ATLANGATEPEC', 'Tamaulipas', 'M', 'Cuento con 6 doctorados', 'fringilla@ligulatortordictum.com', 'MUD27ZDM2IA\r'),
(298, 'Nayda', 'Maravilla', 'Rosas', '1969-12-31', 10003981, 'Neurología', 241.00, '16091208 5', '23507 Edythe Loop Suite 522', 'TEOLOCHOLCO', 'Baja California', 'F', 'Recién egresado', 'Aenean@interdum.co.uk', 'STB03JFQ7EC\r'),
(299, 'Aquila', 'Navarro', 'Aguilar', '1969-12-31', 10414129, 'Estomatología', 359.00, '16680707 4', '10443 Boyer Crest', 'EL CARMEN TEQUEXQUITLA', 'Veracruz', 'M', 'Egrese de la UPTx', 'quam.Pellentesque.habitant@eueleifend.com', 'HRV33PKO2OB\r'),
(300, 'Dahlia', 'Bolaños', 'Navarro', '1969-12-31', 10724312, 'Psiquiatría', 169.00, '16870618 1', '23507 Edythe Loop Suite 522', 'CUAPIAXTLA', 'Guerrero', 'M', 'Egresado de la UNAM', 'felis.adipiscing.fringilla@dictum.co.uk', 'RQY11KJF2LL');

-- --------------------------------------------------------

--
-- Estructura de tabla para la tabla `paciente`
--

CREATE TABLE `paciente` (
  `idPaciente` int(5) NOT NULL,
  `Nombre` varchar(255) DEFAULT NULL,
  `Apaterno` varchar(255) DEFAULT NULL,
  `Amaterno` varchar(255) DEFAULT NULL,
  `FN` varchar(255) DEFAULT NULL,
  `Telefono` varchar(100) DEFAULT NULL,
  `Estado` varchar(255) DEFAULT NULL,
  `Sexo` varchar(255) DEFAULT NULL,
  `Correo` varchar(255) DEFAULT NULL,
  `Password` varchar(255) DEFAULT NULL
) ENGINE=InnoDB DEFAULT CHARSET=utf8;

--
-- Volcado de datos para la tabla `paciente`
--

INSERT INTO `paciente` (`idPaciente`, `Nombre`, `Apaterno`, `Amaterno`, `FN`, `Telefono`, `Estado`, `Sexo`, `Correo`, `Password`) VALUES
(1, 'Berk', 'Salinas', 'Cruz', '1959-04-17', '1-433-363-7879', 'Campeche', 'M', 'mauris.elit.dictum@doloregestasrhoncus.com', 'MPM56MXU8MT'),
(2, 'Tanya', 'Torres', 'Galindo', '1961-09-08', '1-918-824-3070', 'Hidalgo', 'M', 'risus.odio@Aeneangravidanunc.net', 'BVT77XWI8ZW'),
(3, 'Basil', 'Juarez', 'Rosas', '1955-01-08', '569-6785', 'Veracruz', 'F', 'eleifend.vitae.erat@a.org', 'ILI21WKD9UA'),
(4, 'Nathan', 'Fuentes', 'Aguirre', '1955-10-10', '385-7554', 'Tamaulipas', 'M', 'sit.amet@laciniaorci.org', 'AWE57HXU5JB'),
(5, 'TaShya', 'Salinas', 'Bolaños', '1985-05-29', '781-7882', 'Yucatán', 'M', 'ac@sed.net', 'GZQ30JEC5HB'),
(6, 'Lydia', 'Cruz', 'Zamora', '1967-07-18', '1-839-535-3627', 'Oaxaca', 'M', 'at@feugiat.net', 'DAD43CRV5LI'),
(7, 'Lynn', 'Cruz', 'Juarez', '1953-09-06', '1-338-917-4918', 'Chiapas', 'F', 'lobortis@mauris.com', 'XOG87PXB8YW'),
(8, 'Ivy', 'Quechol', 'Juarez', '1957-08-22', '1-880-571-6892', 'Aguascalientes', 'M', 'consequat.enim.diam@volutpatNulla.edu', 'ARO51SFQ7RS'),
(9, 'Geraldine', 'Lander', 'Zamora', '1969-08-30', '1-442-818-4839', 'Sinaloa', 'M', 'purus.Duis@Duisdignissim.edu', 'URE85JNP2WS'),
(10, 'Price', 'Fernandez', 'Maravilla', '1976-10-27', '1-873-635-0720', 'Tlaxcala', 'F', 'Sed@pharetraNam.ca', 'NDK01HNX9PK'),
(11, 'Nero', 'Juarez', 'Angulo', '1983-11-06', '1-134-454-9579', 'Sonora', 'M', 'at@faucibusMorbi.com', 'RIV94SOF9GV'),
(12, 'Willow', 'Fernandez', 'Rosas', '1989-07-29', '926-7133', 'Chihuahua', 'F', 'nulla.magna@Mauris.edu', 'LQR82RVM1GI'),
(13, 'Bertha', 'Fuentes', 'Cruz', '1967-12-20', '1-284-156-1637', 'Chihuahua', 'M', 'euismod.enim@Pellentesque.ca', 'AYR19UMY9SA'),
(14, 'Emery', 'Zamora', 'Lander', '1995-12-17', '719-4864', 'Ciudad de México', 'F', 'Integer.in.magna@sociisnatoque.com', 'YUA84CWU5VO'),
(15, 'Noelani', 'Maravilla', 'Fernandez', '1961-05-21', '879-1939', 'Yucatán', 'M', 'congue@commodohendreritDonec.com', 'ZCP10KSS6IC'),
(16, 'Allen', 'Eliosa', 'Zamora', '1964-12-25', '1-761-577-6915', 'Zacatecas', 'F', 'nisl.Nulla@interdum.ca', 'EYF29RKE1OJ'),
(17, 'Noel', 'Lander', 'Juarez', '1977-05-09', '1-346-629-3037', 'Durango', 'M', 'mattis.velit.justo@ametante.ca', 'UCH67UQE2EU'),
(18, 'Kessie', 'Zamora', 'Salinas', '1975-04-01', '1-496-567-5582', 'Puebla', 'F', 'turpis.vitae@tacitisociosquad.edu', 'LLE29RLH5WX'),
(19, 'Iona', 'Eliosa', 'Eliosa', '1995-07-19', '553-6334', 'Michoacán', 'F', 'eu.placerat.eget@nislNulla.edu', 'BFK07UJB4WB'),
(20, 'Chase', 'Salinas', 'Juarez', '1996-04-28', '715-8896', 'Veracruz', 'F', 'euismod.in@etnetuset.co.uk', 'GHC44PLL5QS'),
(21, 'Kato', 'Fuentes', 'Galindo', '1950-08-22', '1-808-157-4811', 'Ciudad de México', 'F', 'eu@magnatellusfaucibus.org', 'NMZ42IBV8PA'),
(22, 'Allistair', 'Angulo', 'Zamora', '1994-07-23', '492-2923', 'Chiapas', 'M', 'Sed.pharetra@ametnullaDonec.ca', 'MHT49PGK8IO'),
(23, 'Hunter', 'Aguilar', 'Fernandez', '1966-10-24', '275-7522', 'Querétaro', 'F', 'Suspendisse.aliquet.sem@enimEtiam.ca', 'PLY06QLN3AA'),
(24, 'Howard', 'Eliosa', 'Angulo', '1982-06-11', '1-894-917-1918', 'Colima', 'M', 'Quisque@et.net', 'HJR03XWO2CN'),
(25, 'Salvador', 'Aguilar', 'Bolaños', '1966-07-07', '554-4614', 'Hidalgo', 'F', 'ullamcorper.viverra@Donecest.ca', 'OEI36COJ0CA'),
(26, 'Jack', 'Cruz', 'Rosas', '2001-08-25', '1-158-666-9056', 'Durango', 'F', 'vel.turpis@Aliquamrutrum.org', 'ZPP23KJZ0UB'),
(27, 'Paki', 'Eliosa', 'Juarez', '1994-03-20', '187-9130', 'Yucatán', 'F', 'ligula.Aenean.euismod@egettincidunt.net', 'AYA51NIY9SE'),
(28, 'Justine', 'Galindo', 'Torres', '1994-10-21', '800-0941', 'Veracruz', 'M', 'iaculis.odio@facilisiSed.co.uk', 'VUW83VZF0PJ'),
(29, 'Shelley', 'Eliosa', 'Cruz', '1963-07-31', '1-677-941-8252', 'Chihuahua', 'F', 'sem@nonegestasa.net', 'ETG15XLI3EK'),
(30, 'Thomas', 'Juarez', 'Salinas', '1953-04-04', '1-182-653-3683', 'Guanajuato', 'M', 'lectus@DonecfringillaDonec.co.uk', 'JVW75UEA6KB'),
(31, 'Marsden', 'Rosas', 'Eliosa', '1961-01-14', '411-9189', 'Sinaloa', 'M', 'eleifend.Cras.sed@arcuVestibulumante.co.uk', 'OEE21VAP1JY'),
(32, 'Ishmael', 'Aguilar', 'Bolaños', '1963-01-10', '168-8456', 'Chiapas', 'F', 'sed.pede@nascetur.org', 'JRF71WWN3ZT'),
(33, 'Graham', 'Torres', 'Angulo', '1973-04-16', '1-704-446-2890', 'Baja California Sur', 'M', 'pellentesque.Sed.dictum@lectussit.net', 'QDX32ROV0SP'),
(34, 'Keith', 'Galindo', 'Angulo', '1972-04-08', '897-9624', 'Nayarit', 'F', 'Pellentesque.ut.ipsum@augueporttitor.ca', 'VJV31UPK8AK'),
(35, 'Palmer', 'Maravilla', 'Rosas', '1964-08-18', '1-347-108-1669', 'Sinaloa', 'M', 'ultrices.posuere@Praesent.net', 'DUC47BTC8GW'),
(36, 'Keaton', 'Fuentes', 'Angulo', '1966-04-28', '1-317-785-0525', 'Colima', 'F', 'penatibus@etmagnaPraesent.org', 'OWM03PMB2IJ'),
(37, 'Anthony', 'Cruz', 'Maravilla', '1970-05-19', '256-5116', 'Jalisco', 'F', 'velit.eget.laoreet@elitNullafacilisi.co.uk', 'DHC16SQS6VJ'),
(38, 'Hilary', 'Zamora', 'Angulo', '1953-09-03', '1-388-965-9367', 'Tamaulipas', 'M', 'urna@magnisdis.org', 'RXY78QSG8LK'),
(39, 'Quemby', 'Fernandez', 'Maravilla', '1973-01-17', '1-436-535-8926', 'Ciudad de México', 'M', 'eu.erat@risus.ca', 'NDB02WGN6TS'),
(40, 'Guinevere', 'Zamora', 'Fuentes', '1951-01-03', '1-932-494-8153', 'Tlaxcala', 'M', 'dis.parturient@metusfacilisis.org', 'ZGP38GCK1MV'),
(41, 'Beck', 'Fernandez', 'Torres', '1994-12-06', '1-709-861-2688', 'Chiapas', 'F', 'libero.Proin.sed@Suspendissealiquet.edu', 'SGA74HJJ8PH'),
(42, 'Elijah', 'Juarez', 'Bolaños', '1998-05-14', '1-497-838-6324', 'Baja California Sur', 'F', 'non.lobortis.quis@sem.net', 'YZY44GWF0HP'),
(43, 'Shoshana', 'Quechol', 'Torres', '1956-03-28', '899-0794', 'Baja California Sur', 'M', 'varius@ipsum.ca', 'YDF14QZD5IZ'),
(44, 'Dominic', 'Quechol', 'Bolaños', '2000-07-21', '1-720-930-2681', 'Oaxaca', 'F', 'rutrum@Suspendisse.ca', 'AUD93KMM7JV'),
(45, 'Kadeem', 'Cruz', 'Galindo', '1992-06-24', '421-9515', 'Nayarit', 'M', 'nunc.ullamcorper@sapienimperdiet.co.uk', 'DIE80MYE0AU'),
(46, 'Murphy', 'Lander', 'Navarro', '1998-04-25', '428-1399', 'Baja California', 'M', 'amet.massa.Quisque@lacinia.co.uk', 'DAF84IGJ3UE'),
(47, 'Pandora', 'Bolaños', 'Juarez', '1993-10-29', '819-9990', 'Campeche', 'M', 'a@ipsum.net', 'QAU44QLT2AN'),
(48, 'Elaine', 'Aguirre', 'Salinas', '1966-02-03', '1-208-551-0603', 'Tlaxcala', 'F', 'magna.et.ipsum@ipsumacmi.org', 'MYZ62SJX6HM'),
(49, 'Deanna', 'Juarez', 'Torres', '1973-05-10', '1-984-745-8111', 'Jalisco', 'F', 'luctus.Curabitur@sapienNunc.co.uk', 'PLI06KQY2IU'),
(50, 'Ingrid', 'Fuentes', 'Fuentes', '1981-03-15', '1-134-705-5322', 'Baja California Sur', 'F', 'Integer@scelerisqueneque.ca', 'VJQ73YHM9SQ'),
(51, 'Axel', 'Fernandez', 'Quechol', '1992-05-12', '336-7760', 'Sinaloa', 'M', 'hendrerit.consectetuer@dolor.edu', 'NPJ44NLM0NZ'),
(52, 'Allegra', 'Galindo', 'Quechol', '1978-05-14', '773-2888', 'Chihuahua', 'F', 'interdum.enim.non@famesac.co.uk', 'NTL90MAB5ZB'),
(53, 'Ethan', 'Aguirre', 'Cruz', '2001-10-14', '1-170-420-4086', 'Chiapas', 'M', 'quam.a.felis@sedleo.com', 'JBG78NYQ8EK'),
(54, 'Nigel', 'Galindo', 'Eliosa', '1987-07-18', '1-853-468-7815', 'Michoacán', 'F', 'Duis.risus@a.ca', 'AWZ20HPC1BF'),
(55, 'Levi', 'Fernandez', 'Rosas', '1973-08-13', '401-2530', 'San Luis Potosí', 'F', 'venenatis@elit.co.uk', 'RQF86KDU6OG'),
(56, 'Mariam', 'Eliosa', 'Quechol', '1983-03-12', '1-450-805-1981', 'Hidalgo', 'F', 'urna.justo@Nullafacilisis.com', 'ZJK60WWH8GL'),
(57, 'Holly', 'Zamora', 'Navarro', '1958-10-24', '1-697-807-3111', 'Michoacán', 'F', 'Suspendisse.tristique.neque@dictum.net', 'HAG81NOK5WN'),
(58, 'Cooper', 'Navarro', 'Eliosa', '1958-10-03', '1-528-684-6233', 'Durango', 'F', 'ullamcorper.Duis.cursus@sitamet.edu', 'LJS44VFA6BN'),
(59, 'Shaine', 'Aguilar', 'Maravilla', '2000-10-21', '1-199-673-6602', 'Hidalgo', 'F', 'Mauris@arcuvelquam.co.uk', 'REG54NPE5PG'),
(60, 'Asher', 'Maravilla', 'Quechol', '1981-03-31', '1-380-732-9552', 'Estado de México', 'M', 'Sed.eget@Donecest.edu', 'THN10YCR6MT'),
(61, 'Amy', 'Cruz', 'Galindo', '1950-02-20', '1-595-176-3919', 'Sonora', 'M', 'Proin@justoeuarcu.ca', 'ERX70GGC2FI'),
(62, 'Claire', 'Bolaños', 'Cruz', '1990-11-06', '453-3840', 'Durango', 'F', 'per@quam.co.uk', 'RDV95MUI9FF'),
(63, 'Dillon', 'Aguirre', 'Quechol', '1968-12-04', '103-8620', 'Durango', 'F', 'taciti.sociosqu@eteuismod.edu', 'KIX99YII9QR'),
(64, 'Selma', 'Lander', 'Quechol', '1957-11-21', '1-223-871-2521', 'Yucatán', 'M', 'lacus.Ut.nec@Namligula.edu', 'BEA94ACV9LL'),
(65, 'Roary', 'Juarez', 'Zamora', '1956-09-30', '1-783-437-4893', 'Nayarit', 'F', 'erat.vitae.risus@amet.edu', 'QOC60IQD6AF'),
(66, 'Ezekiel', 'Juarez', 'Bolaños', '1965-10-17', '1-317-728-2830', 'Quintana Ro', 'M', 'nisi@liberoDonecconsectetuer.org', 'UGY73TFG4XI'),
(67, 'Jermaine', 'Salinas', 'Lander', '1955-03-07', '269-3391', 'Chihuahua', 'F', 'gravida.sagittis@metusfacilisislorem.org', 'HQM14MMY1CP'),
(68, 'Lillith', 'Torres', 'Maravilla', '1955-10-14', '1-821-868-1447', 'Baja California', 'M', 'tincidunt@lobortisauguescelerisque.org', 'RDH21OOR7SE'),
(69, 'Merritt', 'Salinas', 'Lander', '1951-05-28', '352-2200', 'Jalisco', 'F', 'ac.turpis@purusactellus.org', 'HPQ23LGJ8EA'),
(70, 'Leilani', 'Rosas', 'Angulo', '1966-10-27', '1-660-141-6594', 'Coahuila', 'F', 'elit.Curabitur.sed@Integer.org', 'RUF84XEA3NS'),
(71, 'Tamekah', 'Lander', 'Navarro', '1979-09-16', '1-607-228-4837', 'Baja California', 'F', 'odio.semper.cursus@eratsemperrutrum.net', 'RSV47QKC7PG'),
(72, 'Brenden', 'Fuentes', 'Quechol', '2002-11-07', '1-984-554-0925', 'Nuevo León', 'F', 'euismod.est.arcu@feugiatnonlobortis.edu', 'UMI35PRU9PV'),
(73, 'Caesar', 'Angulo', 'Fernandez', '1987-03-18', '985-7828', 'Baja California Sur', 'F', 'risus@nequevenenatislacus.org', 'FWL89VPI2DG'),
(74, 'Brian', 'Juarez', 'Angulo', '1980-02-27', '854-1191', 'Sonora', 'M', 'Suspendisse@Vestibulum.ca', 'RHP77UMA5LV'),
(75, 'Hu', 'Galindo', 'Fuentes', '1985-02-18', '1-259-410-8844', 'Hidalgo', 'M', 'vel.vulputate@euarcu.net', 'SVO52AVF1EP'),
(76, 'Wyatt', 'Aguirre', 'Torres', '1958-07-07', '1-712-398-6798', 'Tabasco', 'M', 'tempus@sitametmetus.com', 'LNH47FGE8PB'),
(77, 'Chantale', 'Torres', 'Juarez', '1962-05-10', '205-9964', 'Querétaro', 'F', 'pede.Cras.vulputate@egetdictum.ca', 'IXB65BXM1IB'),
(78, 'Dorothy', 'Eliosa', 'Aguirre', '1989-01-22', '1-441-367-0509', 'Aguascalientes', 'F', 'magnis.dis.parturient@odioNam.org', 'SVI05QTG6WB'),
(79, 'Kibo', 'Eliosa', 'Bolaños', '1952-10-03', '1-198-194-4413', 'Nayarit', 'F', 'feugiat@dolorquamelementum.ca', 'GMA65AZP0UA'),
(80, 'Maile', 'Angulo', 'Cruz', '2001-02-20', '1-447-929-9499', 'Jalisco', 'M', 'Nunc.mauris@justofaucibuslectus.org', 'LKG59ZBT0ZS'),
(81, 'Yvette', 'Fuentes', 'Maravilla', '1990-08-03', '1-102-643-8453', 'Guerrero', 'F', 'Sed@Fusce.co.uk', 'ARU26EBZ8LO'),
(82, 'Charles', 'Maravilla', 'Bolaños', '1994-09-07', '1-291-838-3151', 'Campeche', 'F', 'hendrerit@idanteNunc.com', 'PQH37ZOT3TB'),
(83, 'Berk', 'Angulo', 'Lander', '1994-05-27', '1-217-605-9327', 'Chihuahua', 'F', 'pretium.neque@Donecvitae.ca', 'JLS78MRH8FP'),
(84, 'Glenna', 'Cruz', 'Bolaños', '1971-12-28', '542-5358', 'Estado de México', 'F', 'elementum.lorem@semper.com', 'ZHP89LVB7OF'),
(85, 'Nayda', 'Fernandez', 'Angulo', '1988-12-08', '1-525-616-0865', 'Tabasco', 'F', 'metus@hendreritidante.com', 'EQI52GWL6MC'),
(86, 'Jamalia', 'Quechol', 'Cruz', '2001-02-23', '1-648-850-5469', 'Yucatán', 'M', 'lectus.a@incursus.com', 'ZRN88MRZ9VB'),
(87, 'Risa', 'Juarez', 'Salinas', '1984-11-09', '1-499-687-1639', 'Michoacán', 'F', 'eu.arcu@nonvestibulum.co.uk', 'FMG96KIJ4LK'),
(88, 'Mary', 'Torres', 'Maravilla', '1960-09-13', '394-7149', 'Zacatecas', 'M', 'mus.Donec@lacusAliquamrutrum.edu', 'EPV10UAN4DF'),
(89, 'Fuller', 'Torres', 'Aguirre', '1955-04-15', '1-284-611-4176', 'Guanajuato', 'M', 'sem.egestas@orcilobortisaugue.org', 'QVG60RTO7EV'),
(90, 'Derek', 'Aguirre', 'Fernandez', '1963-05-12', '144-5539', 'Ciudad de México', 'F', 'arcu@asollicitudin.org', 'AKN43GZV7VN'),
(91, 'Jarrod', 'Maravilla', 'Rosas', '1972-05-11', '1-823-425-7475', 'Sinaloa', 'F', 'adipiscing.enim@natoquepenatibuset.ca', 'VYH67ZIZ0FM'),
(92, 'Colorado', 'Rosas', 'Angulo', '1986-05-08', '996-3277', 'Sonora', 'F', 'imperdiet.nec@mauris.ca', 'GLE54ZRP2CM'),
(93, 'Alfreda', 'Galindo', 'Torres', '1969-09-02', '114-0283', 'Baja California', 'M', 'dolor.tempus.non@ornare.edu', 'WCD14ZYK5EJ'),
(94, 'Beck', 'Eliosa', 'Aguilar', '1987-06-15', '1-696-551-1165', 'Sinaloa', 'M', 'amet.luctus.vulputate@euligulaAenean.ca', 'GII68AEE2KR'),
(95, 'Galvin', 'Fuentes', 'Fuentes', '1987-04-10', '596-5581', 'Guerrero', 'F', 'sodales.at.velit@ipsum.com', 'HJH03LRO8YG'),
(96, 'Haley', 'Salinas', 'Bolaños', '1992-05-23', '1-998-695-7682', 'Quintana Ro', 'F', 'placerat.velit.Quisque@fringillaornareplacerat.net', 'UNI40FJK4XG'),
(97, 'Adria', 'Navarro', 'Angulo', '1967-05-24', '841-4377', 'Ciudad de México', 'F', 'lectus.justo.eu@vel.org', 'ENT55YOX2BI'),
(98, 'Shoshana', 'Lander', 'Fuentes', '1978-10-16', '1-309-193-6803', 'Nuevo León', 'M', 'nisl@consectetuer.edu', 'NLQ22JGM3KP'),
(99, 'Gil', 'Aguilar', 'Fuentes', '1976-07-25', '888-6702', 'Baja California', 'F', 'lacus.Aliquam.rutrum@Class.co.uk', 'YCB62OAF7CO'),
(100, 'Elaine', 'Torres', 'Aguilar', '1958-01-05', '1-776-925-4450', 'Michoacán', 'F', 'malesuada.Integer@eleifendnon.org', 'WXJ34DRD1QA'),
(101, 'Melyssa', 'Aguilar', 'Galindo', '1998-05-28', '1-192-412-0908', 'Michoacán', 'F', 'nonummy.ac.feugiat@nibh.com', 'ZAD82JPL0LL\r'),
(102, 'May', 'Salinas', 'Angulo', '1997-08-22', '1-446-820-4738', 'Chiapas', 'M', 'Nulla@dolorelit.ca', 'OVE60ATI4TY\r'),
(103, 'Jorden', 'Angulo', 'Aguirre', '1985-10-25', '452-1530', 'Baja California Sur', 'M', 'ultrices.posuere.cubilia@sitamet.org', 'ORE00HTQ1JJ\r'),
(104, 'Malachi', 'Salinas', 'Rosas', '1964-02-11', '1-922-316-4122', 'Chiapas', 'M', 'nibh.Quisque@sedpedeCum.edu', 'GCS38JMF8QB\r'),
(105, 'Dara', 'Cruz', 'Cruz', '1963-02-26', '1-688-580-3031', 'Estado de México', 'F', 'rhoncus@vitaepurusgravida.edu', 'KKR78BMJ9NI\r'),
(106, 'Phillip', 'Navarro', 'Cruz', '1961-03-29', '1-711-901-8867', 'Estado de México', 'F', 'massa.non@diamDuis.com', 'ZUJ64MQC0BB\r'),
(107, 'Desiree', 'Angulo', 'Rosas', '2001-02-16', '492-2540', 'Quintana Ro', 'M', 'sed.tortor.Integer@urnaVivamusmolestie.edu', 'CUI82WET0ES\r'),
(108, 'Lev', 'Juarez', 'Fuentes', '1956-09-22', '484-4463', 'Tlaxcala', 'M', 'faucibus@elementumpurus.org', 'FLL83HAS0LU\r'),
(109, 'Roth', 'Aguirre', 'Aguirre', '1976-05-02', '826-8014', 'Zacatecas', 'F', 'magna.Sed@pedeet.ca', 'RPO86DGG0HA\r'),
(110, 'Quin', 'Zamora', 'Eliosa', '1993-02-14', '204-6569', 'Hidalgo', 'M', 'cursus.in@ornareIn.org', 'ZPO45DRA8MK\r'),
(111, 'Christian', 'Aguilar', 'Maravilla', '1954-09-21', '648-2059', 'Nuevo León', 'M', 'feugiat.placerat@condimentumegetvolutpat.co.uk', 'TJI59EOK7EB\r'),
(112, 'Robert', 'Angulo', 'Galindo', '1956-04-27', '1-873-577-3776', 'Quintana Ro', 'M', 'Suspendisse@elitNulla.net', 'EMG67PQF0JL\r'),
(113, 'Roth', 'Eliosa', 'Fernandez', '1967-05-10', '477-8949', 'Hidalgo', 'F', 'lectus.a@Nuncpulvinararcu.net', 'AKZ51NOF1YM\r'),
(114, 'Lee', 'Navarro', 'Quechol', '1987-02-03', '641-5564', 'Veracruz', 'F', 'sem.mollis@anequeNullam.co.uk', 'TAW25MSQ6KO\r'),
(115, 'Burke', 'Angulo', 'Maravilla', '1996-03-09', '1-349-567-9709', 'Guanajuato', 'F', 'pellentesque.massa.lobortis@nequeMorbi.edu', 'JND73AJH4MH\r'),
(116, 'Kay', 'Aguilar', 'Zamora', '1976-09-06', '1-532-658-0769', 'Tamaulipas', 'F', 'nunc.ac@famesacturpis.com', 'KPC80LLQ0OJ\r'),
(117, 'Allistair', 'Juarez', 'Torres', '1977-06-16', '1-118-824-6192', 'Tabasco', 'F', 'auctor@eutempor.org', 'SXT98XFF9RI\r'),
(118, 'Acton', 'Navarro', 'Juarez', '2001-10-15', '405-2586', 'Zacatecas', 'F', 'Proin@ridiculusmusProin.net', 'ZQG29HBQ0XY\r'),
(119, 'Gareth', 'Cruz', 'Quechol', '1975-07-18', '944-4753', 'Baja California', 'F', 'id@consequat.net', 'XXR93XJS8RO\r'),
(120, 'Danielle', 'Fernandez', 'Cruz', '1956-12-07', '1-628-639-3315', 'Oaxaca', 'M', 'Nunc@semper.net', 'VOM87XUK1YO\r'),
(121, 'Signe', 'Bolaños', 'Aguirre', '1974-06-20', '112-0352', 'Nayarit', 'M', 'Proin.vel@eleifend.net', 'ONU65EOJ0FB\r'),
(122, 'Latifah', 'Galindo', 'Aguilar', '1954-03-24', '492-8576', 'Sinaloa', 'M', 'lacus.Quisque.purus@montesnascetur.net', 'HFR08YSB2LZ\r'),
(123, 'Price', 'Rosas', 'Lander', '1965-03-27', '617-7666', 'Guanajuato', 'F', 'sed.libero@lorem.ca', 'SYA63DIJ9PE\r'),
(124, 'Asher', 'Zamora', 'Angulo', '1957-08-26', '1-811-610-2874', 'Baja California', 'M', 'Aliquam.rutrum.lorem@cursus.net', 'EWW20NYY5JL\r'),
(125, 'Irma', 'Bolaños', 'Maravilla', '1952-01-16', '712-1203', 'Sinaloa', 'M', 'morbi@enimNuncut.edu', 'BRI23RZU9GT\r'),
(126, 'Astra', 'Salinas', 'Rosas', '1994-07-30', '1-177-678-6775', 'Chiapas', 'F', 'risus@augue.ca', 'FDL44BLP0VP\r'),
(127, 'Baker', 'Aguilar', 'Zamora', '1985-06-25', '352-0321', 'Tlaxcala', 'F', 'Etiam.ligula.tortor@Integer.edu', 'FDU73ZRC8FO\r'),
(128, 'Nicholas', 'Maravilla', 'Aguilar', '1950-12-11', '1-722-891-1731', 'Tlaxcala', 'M', 'quis@facilisiSedneque.com', 'ZYZ19TUK2VB\r'),
(129, 'Zia', 'Aguilar', 'Lander', '1975-02-10', '595-1095', 'Michoacán', 'M', 'Donec.porttitor.tellus@adipiscing.com', 'VMW05HNT8IL\r'),
(130, 'Sean', 'Quechol', 'Bolaños', '1964-11-26', '1-754-190-3960', 'Chihuahua', 'F', 'Cras.convallis@Suspendissecommodotincidunt.ca', 'JMY61VWP4QD\r'),
(131, 'Hyatt', 'Fernandez', 'Quechol', '1957-07-11', '1-774-328-4607', 'Michoacán', 'M', 'nec@lacusEtiam.co.uk', 'VBU07MBV3LN\r'),
(132, 'Basil', 'Quechol', 'Torres', '1954-08-19', '1-952-105-6558', 'Oaxaca', 'F', 'porta@tempusloremfringilla.co.uk', 'GIK68CBL0AP\r'),
(133, 'Halee', 'Quechol', 'Fernandez', '1965-10-07', '998-9696', 'Michoacán', 'M', 'sed.consequat@Morbiquisurna.edu', 'FGQ33MJT1RQ\r'),
(134, 'Armand', 'Salinas', 'Angulo', '1968-12-21', '953-7751', 'Ciudad de México', 'F', 'Integer@tristiquesenectuset.co.uk', 'SUK14WSM9TB\r'),
(135, 'Craig', 'Lander', 'Salinas', '1959-05-16', '458-5316', 'Puebla', 'F', 'dictum@antedictummi.co.uk', 'SFI42PBE0YS\r'),
(136, 'Jason', 'Torres', 'Fernandez', '2001-10-24', '136-2090', 'Michoacán', 'M', 'Suspendisse.eleifend.Cras@ullamcorperDuis.co.uk', 'SJJ30TKY6FG\r'),
(137, 'Zeus', 'Aguilar', 'Bolaños', '1962-02-26', '1-895-233-1946', 'Puebla', 'F', 'Phasellus.vitae@auctor.org', 'VBB35JZS8XH\r'),
(138, 'Inga', 'Galindo', 'Quechol', '1962-12-15', '302-1373', 'Zacatecas', 'M', 'dolor.dapibus@feugiattellus.edu', 'FWM07MHH3CL\r'),
(139, 'Rhea', 'Juarez', 'Bolaños', '1983-02-17', '1-303-811-5571', 'Ciudad de México', 'M', 'ac.mattis@sodalesat.com', 'SVZ64ZEC2ZI\r'),
(140, 'Pearl', 'Torres', 'Quechol', '1984-06-19', '1-202-640-3025', 'Coahuila', 'M', 'Nullam.nisl@ligulaNullam.co.uk', 'FUS06CTD6PJ\r'),
(141, 'Madeson', 'Aguilar', 'Quechol', '1981-11-17', '857-3409', 'Sonora', 'M', 'et.libero.Proin@montes.net', 'OEB18BIR3DB\r'),
(142, 'Lisandra', 'Quechol', 'Quechol', '1990-06-18', '1-711-202-1614', 'Puebla', 'M', 'Fusce@duinec.org', 'MDC77FJK0OS\r'),
(143, 'Kelsie', 'Angulo', 'Salinas', '1990-06-14', '128-4863', 'Sonora', 'M', 'a@sapienNuncpulvinar.edu', 'EIS93FXV5IQ\r'),
(144, 'Demetria', 'Rosas', 'Rosas', '1962-05-31', '1-850-462-8144', 'Puebla', 'M', 'vehicula.aliquet@orciadipiscingnon.co.uk', 'HNC07HRN3FS\r'),
(145, 'Giacomo', 'Navarro', 'Angulo', '1978-11-26', '1-647-329-1576', 'Querétaro', 'M', 'Aliquam.adipiscing@diamvelarcu.net', 'GKO77YOA6NQ\r'),
(146, 'Seth', 'Navarro', 'Aguilar', '1958-08-17', '538-2129', 'Tabasco', 'F', 'penatibus.et@pretium.co.uk', 'IAL38EZN9IN\r'),
(147, 'Sawyer', 'Fuentes', 'Navarro', '1951-09-02', '607-7556', 'Baja California', 'F', 'luctus@Crasconvallis.ca', 'MLS36DTU7JI\r'),
(148, 'Leila', 'Rosas', 'Maravilla', '1960-12-05', '1-220-552-1458', 'Estado de México', 'F', 'ante@ornare.ca', 'ZLS78INJ5OS\r'),
(149, 'Magee', 'Angulo', 'Rosas', '1953-05-13', '351-7284', 'Morelos', 'M', 'penatibus.et@ultricies.ca', 'NYF56EZJ0BY\r'),
(150, 'Ora', 'Rosas', 'Fernandez', '1956-07-22', '180-0655', 'Coahuila', 'F', 'eu.tellus.Phasellus@nunc.net', 'UKI03UDI6SX\r'),
(151, 'Gage', 'Rosas', 'Juarez', '1994-03-03', '1-238-329-5498', 'Guanajuato', 'M', 'penatibus.et@pretiumet.com', 'FIG87HVE0LY\r'),
(152, 'Sage', 'Cruz', 'Fernandez', '1994-06-14', '1-469-486-7466', 'Durango', 'F', 'imperdiet.non@congueelit.com', 'VLN33OIM1XG\r'),
(153, 'Nash', 'Cruz', 'Lander', '1984-04-10', '760-8093', 'Tlaxcala', 'M', 'vel@acnulla.ca', 'OVN94KBC3SI\r'),
(154, 'Callum', 'Navarro', 'Torres', '1966-06-23', '1-997-767-0420', 'Guerrero', 'F', 'egestas@velit.ca', 'IEL55ZJP7RV\r'),
(155, 'Aristotle', 'Aguirre', 'Rosas', '1957-10-23', '447-2808', 'Oaxaca', 'F', 'ullamcorper.Duis@nonbibendum.co.uk', 'DXK53JOQ4TP\r'),
(156, 'Micah', 'Aguilar', 'Rosas', '1988-10-29', '1-983-360-5379', 'Jalisco', 'F', 'laoreet@nonlaciniaat.edu', 'QQK57ZLX9MK\r'),
(157, 'Brock', 'Rosas', 'Aguirre', '1955-11-30', '1-315-344-0302', 'Ciudad de México', 'F', 'In@Classaptent.co.uk', 'BUA19RIW9MC\r'),
(158, 'Xyla', 'Maravilla', 'Cruz', '1996-11-15', '1-671-442-0144', 'Aguascalientes', 'M', 'Morbi.accumsan@orciluctuset.co.uk', 'HLP62ZBO6QD\r'),
(159, 'Ross', 'Bolaños', 'Zamora', '1962-12-12', '463-6328', 'Quintana Ro', 'M', 'auctor.nunc.nulla@Integervulputate.edu', 'HFZ68DDP5JT\r'),
(160, 'Mercedes', 'Fernandez', 'Zamora', '1969-02-19', '915-9169', 'Yucatán', 'F', 'metus@loremloremluctus.co.uk', 'OJA43WFV5FZ\r'),
(161, 'Darrel', 'Eliosa', 'Cruz', '1959-12-21', '1-162-680-4660', 'Chihuahua', 'M', 'nisi.Mauris@orciDonec.com', 'PLD55KYI5NU\r'),
(162, 'Malcolm', 'Aguirre', 'Navarro', '1970-03-08', '698-0501', 'Quintana Ro', 'M', 'dictum.eleifend.nunc@Suspendissenonleo.edu', 'MVV80WXL8JY\r'),
(163, 'Paloma', 'Aguilar', 'Angulo', '1970-07-19', '1-256-588-0776', 'Colima', 'F', 'Integer.aliquam@tristiqueneque.com', 'PGW00AKC0CN\r'),
(164, 'Victor', 'Maravilla', 'Salinas', '1952-10-09', '165-4656', 'Nuevo León', 'M', 'ut.pellentesque@leo.co.uk', 'IPQ33CQD8IJ\r'),
(165, 'Vivien', 'Angulo', 'Maravilla', '1951-12-30', '957-2053', 'Tamaulipas', 'F', 'scelerisque.sed.sapien@malesuadavel.ca', 'ZES05IRO6RN\r'),
(166, 'Tobias', 'Angulo', 'Cruz', '1966-09-13', '750-6960', 'Tabasco', 'F', 'pede.nec@dolorvitae.co.uk', 'JLA99EMX2WT\r'),
(167, 'Chandler', 'Angulo', 'Quechol', '1991-05-27', '1-581-843-6107', 'Aguascalientes', 'M', 'egestas.a@leoMorbineque.ca', 'QYD96PSN1NF\r'),
(168, 'Patricia', 'Maravilla', 'Cruz', '1960-09-05', '201-9820', 'Sinaloa', 'F', 'tellus.Suspendisse@at.ca', 'OMZ18SGH4GW\r'),
(169, 'Carter', 'Maravilla', 'Galindo', '1972-11-16', '1-676-872-7208', 'Sonora', 'F', 'et@Integer.org', 'LIL59EWQ4XS\r'),
(170, 'Evan', 'Eliosa', 'Bolaños', '1959-11-11', '1-590-587-1613', 'Chiapas', 'M', 'Duis@massa.net', 'AZO86JMN4FC\r'),
(171, 'Sierra', 'Navarro', 'Juarez', '1956-07-02', '1-689-701-4577', 'Yucatán', 'F', 'eu.eros.Nam@amagna.net', 'ECZ95PQS4HJ\r'),
(172, 'Barrett', 'Quechol', 'Juarez', '1998-02-19', '1-122-431-1656', 'Chiapas', 'F', 'adipiscing@velquam.ca', 'XEG92MYN2IW\r'),
(173, 'Austin', 'Juarez', 'Lander', '1975-01-24', '1-529-131-4005', 'Jalisco', 'M', 'tellus.lorem@augueidante.ca', 'MIJ86ROJ9FL\r'),
(174, 'Kieran', 'Galindo', 'Torres', '1979-07-06', '1-277-125-7945', 'Campeche', 'M', 'blandit.mattis@dui.net', 'JJT19TRI8GW\r'),
(175, 'Sophia', 'Galindo', 'Lander', '1987-09-09', '1-970-292-8018', 'Campeche', 'M', 'rutrum@leoMorbineque.net', 'LIG98NNB9SR\r'),
(176, 'Dominique', 'Torres', 'Rosas', '1964-06-27', '856-5965', 'Tamaulipas', 'F', 'elit.elit.fermentum@leoelementumsem.ca', 'XAS04MFX1IM\r'),
(177, 'Josephine', 'Salinas', 'Fernandez', '1965-01-06', '1-903-722-0846', 'Morelos', 'M', 'ante.Vivamus@natoquepenatibuset.edu', 'TJT76XDE6BA\r'),
(178, 'Vanna', 'Aguirre', 'Quechol', '1986-06-20', '971-1516', 'Guanajuato', 'M', 'et.libero@lobortis.ca', 'VOW63FTB7VC\r'),
(179, 'Vanna', 'Zamora', 'Bolaños', '1955-04-05', '1-535-715-6081', 'Baja California', 'M', 'Nulla.semper@interdumNuncsollicitudin.co.uk', 'RAZ22YOY1IK\r'),
(180, 'Quemby', 'Maravilla', 'Fuentes', '1984-06-23', '279-9526', 'Yucatán', 'M', 'amet@etarcuimperdiet.org', 'BBC67LOE2HC\r'),
(181, 'Rashad', 'Fuentes', 'Aguirre', '2002-09-17', '166-1652', 'Zacatecas', 'F', 'odio.Aliquam@ante.co.uk', 'WIZ07XQA9AT\r'),
(182, 'Barbara', 'Cruz', 'Fuentes', '1984-07-09', '1-994-915-5548', 'Hidalgo', 'M', 'lobortis.mauris@metus.edu', 'WIS11BUR5RN\r'),
(183, 'Duncan', 'Cruz', 'Fernandez', '1985-07-23', '611-7433', 'Durango', 'F', 'non@adipiscing.net', 'UZI73UPC0DC\r'),
(184, 'Susan', 'Aguirre', 'Navarro', '1992-12-21', '1-277-366-0586', 'Chihuahua', 'F', 'tempus@sedsapien.org', 'YOE19EXX5UL\r'),
(185, 'Porter', 'Bolaños', 'Juarez', '1958-04-22', '864-1892', 'Nuevo León', 'M', 'Donec.feugiat.metus@egestasurnajusto.com', 'SNQ54ECO4FT\r'),
(186, 'Fletcher', 'Fernandez', 'Aguilar', '1952-02-16', '1-376-425-0368', 'Puebla', 'F', 'dis.parturient@magnaatortor.edu', 'SQQ56OYB3JG\r'),
(187, 'Jerome', 'Aguilar', 'Torres', '1959-02-22', '1-343-577-2765', 'Sonora', 'M', 'eu.eros.Nam@tincidunt.ca', 'BPT10HYM8HM\r'),
(188, 'Wallace', 'Cruz', 'Torres', '1984-11-16', '761-8804', 'Chiapas', 'F', 'vitae@augueporttitorinterdum.net', 'GLP90NZU2NE\r'),
(189, 'Sonya', 'Rosas', 'Torres', '1951-05-19', '1-627-478-3765', 'Durango', 'M', 'mauris.sapien.cursus@sapien.net', 'NRY37UKZ0KF\r'),
(190, 'Helen', 'Galindo', 'Aguirre', '1970-06-24', '165-7894', 'Zacatecas', 'F', 'ipsum.sodales.purus@IncondimentumDonec.edu', 'XIE74UBM2BW\r'),
(191, 'Camille', 'Aguilar', 'Angulo', '1991-07-13', '1-611-885-7999', 'Chiapas', 'M', 'feugiat.nec@morbi.ca', 'KMR64ENF0RW\r'),
(192, 'Lacota', 'Salinas', 'Lander', '1954-07-20', '1-196-131-9421', 'Guerrero', 'F', 'lorem.vehicula@magnisdis.ca', 'JTH88QUD4RD\r'),
(193, 'Kristen', 'Angulo', 'Lander', '1962-08-20', '345-5613', 'Tlaxcala', 'F', 'sed.dictum.eleifend@Aliquamauctor.ca', 'UFF10UEH9OO\r'),
(194, 'Lionel', 'Galindo', 'Juarez', '1992-08-11', '116-1065', 'Tlaxcala', 'M', 'gravida@ridiculusmus.org', 'KBF01JLZ1PU\r'),
(195, 'Brenna', 'Aguirre', 'Fernandez', '1968-08-31', '375-4824', 'Tamaulipas', 'M', 'vitae@ante.org', 'RXQ89YVN9HI\r'),
(196, 'Chadwick', 'Bolaños', 'Aguilar', '1984-07-13', '1-234-844-7468', 'Coahuila', 'F', 'bibendum.fermentum@in.co.uk', 'SVB94PTN4UU\r'),
(197, 'Flavia', 'Lander', 'Zamora', '1985-10-15', '463-0402', 'Nayarit', 'M', 'et.risus.Quisque@scelerisquesedsapien.net', 'IYG20KEQ3OY\r'),
(198, 'Jasper', 'Maravilla', 'Fuentes', '1972-10-10', '1-531-544-8502', 'Estado de México', 'M', 'ut.pellentesque@Donecest.org', 'MNK26ALE2WT\r'),
(199, 'Tyrone', 'Salinas', 'Galindo', '1959-11-03', '1-121-991-8564', 'Querétaro', 'M', 'est@posuereenim.com', 'MTH73IKT5ML\r'),
(200, 'Nehru', 'Bolaños', 'Fuentes', '2000-04-08', '758-2041', 'Baja California Sur', 'M', 'leo@egetvariusultrices.org', 'DMA97IOO1VN'),
(201, 'Laura', 'Cruz', 'Quechol', '1982-01-19', '1-658-428-9470', 'Colima', 'F', 'ligula.Donec@Etiambibendumfermentum.org', 'BNX35RWP3UC\r'),
(202, 'Owen', 'Rosas', 'Quechol', '1996-06-18', '546-7656', 'Tlaxcala', 'F', 'sodales@insodaleselit.net', 'MVC64UPM4KI\r'),
(203, 'Lane', 'Lander', 'Bolaños', '1951-01-31', '850-8393', 'Michoacán', 'F', 'eget.lacus@massa.co.uk', 'DVS98VZC4HO\r'),
(204, 'Brittany', 'Rosas', 'Salinas', '1982-01-06', '234-9843', 'Tamaulipas', 'F', 'ornare.tortor.at@lacusQuisquepurus.com', 'YJF54AZW5WM\r'),
(205, 'Buckminster', 'Fernandez', 'Cruz', '1978-12-27', '1-690-716-6483', 'Guerrero', 'F', 'posuere@sitametdapibus.com', 'AUY95WCV0KZ\r'),
(206, 'Miranda', 'Fernandez', 'Angulo', '1960-04-22', '771-3041', 'Sonora', 'M', 'eu@nuncsedpede.co.uk', 'NBQ89GDC9MR\r'),
(207, 'Kaitlin', 'Bolaños', 'Maravilla', '1960-04-19', '732-5978', 'Puebla', 'F', 'arcu.imperdiet.ullamcorper@dictummagnaUt.co.uk', 'QKN37XJA0GB\r'),
(208, 'Leonard', 'Bolaños', 'Bolaños', '1952-09-27', '319-3354', 'Querétaro', 'F', 'massa.Vestibulum.accumsan@necanteblandit.net', 'DXK84ZEP0KP\r'),
(209, 'Imogene', 'Aguirre', 'Galindo', '1977-07-05', '1-599-797-3815', 'Chiapas', 'F', 'massa.non@eu.org', 'HGK54ZCA0GA\r'),
(210, 'Noelle', 'Navarro', 'Juarez', '1972-02-19', '645-3461', 'Chihuahua', 'M', 'ut.quam@Inscelerisque.ca', 'QVU79GZT6KK\r'),
(211, 'Preston', 'Lander', 'Zamora', '1974-07-06', '1-273-767-7426', 'Tamaulipas', 'F', 'Proin@interdumliberodui.net', 'RNQ44ZNN9XP\r'),
(212, 'Victor', 'Aguilar', 'Aguilar', '1984-02-10', '1-361-493-8773', 'Chihuahua', 'M', 'consectetuer.euismod.est@ipsum.net', 'IDC96ACL6SA\r'),
(213, 'Channing', 'Fernandez', 'Juarez', '1970-08-26', '838-3673', 'Estado de México', 'F', 'nonummy@milorem.ca', 'XYN94FNP5JG\r'),
(214, 'Quintessa', 'Galindo', 'Eliosa', '1973-03-09', '905-4199', 'Tamaulipas', 'F', 'luctus.lobortis.Class@nuncsit.com', 'PLP72GYH7EJ\r'),
(215, 'Katelyn', 'Lander', 'Aguilar', '1986-12-18', '870-2733', 'Tlaxcala', 'F', 'Cum.sociis.natoque@vitaeeratvel.co.uk', 'EMB15PLD5CC\r'),
(216, 'Belle', 'Fernandez', 'Fuentes', '1989-11-25', '1-677-140-9564', 'Ciudad de México', 'F', 'sit.amet.ante@arcuSedeu.org', 'KLP04UHN4TP\r'),
(217, 'Tanisha', 'Torres', 'Galindo', '1986-10-10', '1-672-862-1783', 'Zacatecas', 'F', 'ut@ategestas.org', 'SNP24NWX1EQ\r'),
(218, 'Theodore', 'Galindo', 'Fernandez', '1979-11-06', '1-947-938-8953', 'Tabasco', 'M', 'Nunc@ProinultricesDuis.net', 'PFN47OAX6XR\r'),
(219, 'Rhonda', 'Fernandez', 'Zamora', '1952-08-05', '1-167-121-5913', 'Baja California', 'M', 'quam@facilisisnonbibendum.org', 'PJJ56EGI3KS\r'),
(220, 'Gage', 'Lander', 'Rosas', '1991-12-11', '1-765-393-5817', 'Jalisco', 'M', 'Donec.nibh@magnaPraesentinterdum.com', 'FOR73OYP7IF\r'),
(221, 'Ainsley', 'Quechol', 'Maravilla', '1997-01-22', '358-1312', 'Jalisco', 'M', 'rutrum.magna@variusorci.ca', 'MXJ93JVQ7IA\r'),
(222, 'Azalia', 'Fernandez', 'Bolaños', '1988-02-16', '570-1419', 'Durango', 'F', 'orci.luctus@nonummyultriciesornare.net', 'HKL61BUG6CG\r'),
(223, 'Hector', 'Eliosa', 'Bolaños', '1985-02-17', '402-3062', 'Coahuila', 'M', 'Aliquam.erat@mollisvitaeposuere.net', 'ZTD75VDQ1WN\r'),
(224, 'Xantha', 'Navarro', 'Fuentes', '1952-05-28', '1-152-951-4820', 'Tlaxcala', 'M', 'dapibus.gravida.Aliquam@eleifendnecmalesuada.ca', 'RJI63DKZ1WY\r'),
(225, 'Bree', 'Fernandez', 'Fuentes', '1953-08-25', '1-578-367-2701', 'Tamaulipas', 'F', 'vitae@penatibuset.edu', 'EDY41HCT8AE\r'),
(226, 'Camille', 'Juarez', 'Aguirre', '1989-05-13', '1-362-220-4553', 'Hidalgo', 'M', 'sed.hendrerit@turpisvitae.edu', 'HUI76DWJ5LO\r'),
(227, 'Dane', 'Galindo', 'Lander', '1971-06-13', '356-2475', 'Tabasco', 'M', 'magnis@Duismienim.net', 'IIC73HKF5ZT\r'),
(228, 'Quin', 'Lander', 'Quechol', '1971-08-15', '544-6453', 'San Luis Potosí', 'F', 'hendrerit@vitaemauris.com', 'DGI41SBX2SR\r'),
(229, 'Kieran', 'Salinas', 'Angulo', '1951-09-05', '1-608-886-0577', 'Baja California Sur', 'F', 'molestie@egetmassa.ca', 'ESY48MTZ1AC\r'),
(230, 'Joel', 'Fernandez', 'Angulo', '1959-11-06', '415-3897', 'Jalisco', 'F', 'Phasellus@ridiculusmus.org', 'JDU71WVI5JJ\r'),
(231, 'Price', 'Navarro', 'Zamora', '1977-02-15', '1-303-708-7936', 'Guerrero', 'M', 'et@parturient.co.uk', 'YCF64FKT0EG\r'),
(232, 'Rowan', 'Torres', 'Rosas', '1962-03-13', '1-314-964-9877', 'Ciudad de México', 'M', 'dis.parturient@elitEtiamlaoreet.net', 'TCX36YGL7NQ\r'),
(233, 'Shellie', 'Fuentes', 'Rosas', '1964-04-18', '1-864-496-7139', 'Baja California Sur', 'F', 'vitae@Crasdolordolor.com', 'SEJ04TUM4LZ\r'),
(234, 'Alma', 'Maravilla', 'Fernandez', '1952-01-02', '1-144-664-1238', 'Campeche', 'F', 'faucibus.leo.in@arcu.org', 'YRT02YZM1PU\r'),
(235, 'Garrison', 'Zamora', 'Maravilla', '1972-11-05', '1-109-913-1101', 'Nuevo León', 'M', 'scelerisque.neque.sed@ornare.net', 'OBX38OHI0NM\r'),
(236, 'Berk', 'Galindo', 'Eliosa', '1964-05-08', '482-6456', 'Jalisco', 'M', 'elit.fermentum.risus@erat.net', 'RWJ61WHJ2QR\r'),
(237, 'Sacha', 'Angulo', 'Aguilar', '1957-12-22', '404-6787', 'Nayarit', 'F', 'sagittis.augue.eu@non.com', 'SML98DJU0KS\r'),
(238, 'Shad', 'Aguilar', 'Torres', '1980-06-01', '967-7312', 'Tabasco', 'M', 'consequat.nec.mollis@blanditatnisi.ca', 'BRE61ATH6SK\r'),
(239, 'Orlando', 'Quechol', 'Cruz', '1971-05-05', '1-325-536-4163', 'Guanajuato', 'F', 'arcu.ac@nonvestibulum.com', 'MTY77DLI5EU\r'),
(240, 'Kaden', 'Cruz', 'Salinas', '1950-09-04', '224-5990', 'San Luis Potosí', 'F', 'dictum@magnaet.org', 'IWS88YJG6FJ\r'),
(241, 'Reuben', 'Lander', 'Rosas', '1987-04-20', '1-205-928-8703', 'Guerrero', 'M', 'odio.auctor@Crasloremlorem.net', 'TYO79ZPE3RC\r'),
(242, 'Brianna', 'Navarro', 'Navarro', '1954-02-16', '1-773-258-1153', 'Aguascalientes', 'M', 'lobortis@Morbiquis.co.uk', 'KXN32EDI3FP\r'),
(243, 'Armand', 'Galindo', 'Juarez', '1958-04-05', '299-8023', 'Baja California Sur', 'M', 'Aenean.sed.pede@IntegermollisInteger.ca', 'GPF07QVY0YC\r'),
(244, 'Doris', 'Rosas', 'Lander', '1973-03-08', '1-105-635-6315', 'Chiapas', 'F', 'elementum@turpisAliquam.org', 'RBR48WVK2GT\r'),
(245, 'Kiona', 'Fernandez', 'Cruz', '1988-01-10', '109-8075', 'San Luis Potosí', 'M', 'imperdiet@Aenean.edu', 'DIR80WON7OG\r'),
(246, 'Kirestin', 'Galindo', 'Navarro', '1974-02-05', '1-904-418-3774', 'Zacatecas', 'M', 'enim.commodo.hendrerit@velvenenatis.ca', 'KGD65OWD4VJ\r'),
(247, 'Upton', 'Rosas', 'Bolaños', '1980-08-09', '1-702-988-0657', 'Veracruz', 'F', 'Cras@quismassaMauris.org', 'TWL58UKB4FU\r'),
(248, 'Gannon', 'Lander', 'Juarez', '1982-02-08', '1-928-142-5885', 'Durango', 'M', 'Aliquam@congue.org', 'DXN77ZSI7MT\r'),
(249, 'Wing', 'Bolaños', 'Fuentes', '1979-10-16', '445-2674', 'Estado de México', 'M', 'sit@varius.com', 'BJR44JTL7OX\r'),
(250, 'Phoebe', 'Galindo', 'Maravilla', '1971-03-24', '249-7678', 'Sonora', 'M', 'eleifend@lacusvariuset.com', 'SED77ZCH3CF\r'),
(251, 'Alden', 'Maravilla', 'Navarro', '1992-04-13', '538-1951', 'Durango', 'M', 'Sed.eu@libero.ca', 'GOZ21ZAN6ZA\r'),
(252, 'Bruce', 'Galindo', 'Navarro', '2000-08-22', '1-474-801-5292', 'Nayarit', 'M', 'Suspendisse@ridiculusmus.net', 'JNZ45LAH7KB\r'),
(253, 'Emmanuel', 'Bolaños', 'Torres', '1969-02-11', '554-4539', 'Michoacán', 'M', 'viverra@nulla.com', 'HWC54RYQ3GA\r'),
(254, 'Hanae', 'Navarro', 'Aguirre', '2002-09-07', '1-702-777-8875', 'Tabasco', 'M', 'consectetuer.cursus.et@sodales.org', 'GHL59ZVN6TX\r'),
(255, 'Helen', 'Lander', 'Zamora', '1960-01-24', '1-866-664-2928', 'Campeche', 'F', 'magna.tellus.faucibus@miDuisrisus.ca', 'PXG96IQQ7SV\r'),
(256, 'Aphrodite', 'Quechol', 'Fernandez', '1983-06-22', '1-921-317-9730', 'Yucatán', 'M', 'at.pede@blandit.co.uk', 'EYP56ALA4JB\r'),
(257, 'Frances', 'Fernandez', 'Aguirre', '1975-11-19', '237-7818', 'Hidalgo', 'M', 'Vestibulum.accumsan.neque@Nunc.com', 'TGU79XVH6RV\r'),
(258, 'Declan', 'Juarez', 'Salinas', '1952-07-03', '950-5182', 'Puebla', 'F', 'volutpat.ornare@vitaediamProin.org', 'KWL41CQQ2DW\r'),
(259, 'Roanna', 'Galindo', 'Fuentes', '1987-04-13', '516-8384', 'Michoacán', 'F', 'accumsan@Fuscediamnunc.net', 'NCE40XJV3BK\r'),
(260, 'Grant', 'Cruz', 'Fernandez', '1955-11-24', '192-4460', 'Coahuila', 'F', 'sit@atrisus.co.uk', 'CLC60RLO1HU\r'),
(261, 'Cyrus', 'Galindo', 'Lander', '1994-08-19', '1-483-708-7113', 'Tlaxcala', 'M', 'Vivamus@idantedictum.net', 'BHL05VLH8DC\r'),
(262, 'Lacy', 'Bolaños', 'Bolaños', '1998-09-17', '672-1063', 'Tabasco', 'F', 'venenatis@eulacusQuisque.com', 'JWV38ZCB1VX\r'),
(263, 'Ahmed', 'Salinas', 'Rosas', '1965-02-16', '1-519-109-5468', 'Nuevo León', 'M', 'nec.ligula.consectetuer@tempuslorem.net', 'CJZ84JVJ1YS\r'),
(264, 'Cleo', 'Quechol', 'Angulo', '1961-08-29', '1-857-859-7620', 'Guanajuato', 'F', 'pulvinar.arcu@Maurismolestiepharetra.net', 'BBA87SPE2AM\r'),
(265, 'Nigel', 'Quechol', 'Navarro', '1996-12-11', '901-4831', 'Tabasco', 'M', 'nostra@quamelementumat.co.uk', 'JAK78QQQ1OP\r'),
(266, 'Shafira', 'Torres', 'Lander', '1963-04-27', '1-129-280-2536', 'Veracruz', 'M', 'at@sitametmassa.co.uk', 'JHR66WWY9OS\r'),
(267, 'Raymond', 'Maravilla', 'Torres', '1974-05-17', '1-707-432-5011', 'San Luis Potosí', 'M', 'gravida.sit.amet@ipsumleo.org', 'AVY89UKT6MK\r'),
(268, 'Allen', 'Eliosa', 'Salinas', '1952-12-12', '564-9233', 'Jalisco', 'F', 'eget.metus@arcuVestibulumante.edu', 'TCY23WEY4PK\r'),
(269, 'Adele', 'Angulo', 'Fuentes', '1998-08-26', '761-4640', 'Morelos', 'M', 'lectus@pharetrafeliseget.org', 'DOB34FBT8YV\r'),
(270, 'Octavius', 'Juarez', 'Zamora', '1973-04-22', '1-974-994-1458', 'Veracruz', 'F', 'et.eros@nec.ca', 'AYQ35BAH3QJ\r'),
(271, 'Lois', 'Maravilla', 'Angulo', '1998-10-03', '599-1451', 'Campeche', 'F', 'lectus.sit.amet@ipsumleo.ca', 'WMH68GTP3JH\r'),
(272, 'Grant', 'Quechol', 'Zamora', '1969-01-04', '1-945-635-0545', 'Morelos', 'F', 'magnis.dis.parturient@elitCurabitur.net', 'TXA73NLG2JV\r'),
(273, 'Price', 'Eliosa', 'Bolaños', '1997-02-17', '1-208-839-9044', 'Querétaro', 'F', 'Nunc@orcilacus.org', 'VBB32SQR1ND\r'),
(274, 'Henry', 'Galindo', 'Fernandez', '1993-12-15', '1-347-890-6758', 'Yucatán', 'M', 'imperdiet@liberoDonecconsectetuer.ca', 'NNT47CFV2KW\r'),
(275, 'Camden', 'Juarez', 'Galindo', '1957-08-01', '1-568-711-2721', 'Guerrero', 'F', 'fames@vitaepurusgravida.org', 'JLZ08VWM0DN\r'),
(276, 'Elton', 'Navarro', 'Rosas', '1956-02-11', '1-247-502-7438', 'Colima', 'F', 'tellus.Aenean@Vestibulumanteipsum.co.uk', 'ALB81JDE1XR\r'),
(277, 'Indigo', 'Aguirre', 'Rosas', '1960-07-09', '551-4388', 'Nuevo León', 'M', 'luctus.felis@ultriciesdignissimlacus.com', 'FXQ60RVM5BP\r'),
(278, 'Lani', 'Juarez', 'Angulo', '1975-09-04', '1-730-187-2897', 'Coahuila', 'F', 'eget.dictum@et.com', 'DIQ02CPF2OU\r'),
(279, 'Mallory', 'Quechol', 'Fuentes', '1966-10-14', '1-357-429-6278', 'Estado de México', 'F', 'urna.Ut.tincidunt@vitae.co.uk', 'SSL53IBE4PU\r'),
(280, 'Sophia', 'Galindo', 'Salinas', '1997-12-09', '237-9687', 'Campeche', 'F', 'eget@incursus.org', 'BAH89NLM8SN\r'),
(281, 'Lenore', 'Torres', 'Quechol', '1991-09-24', '323-0986', 'Coahuila', 'M', 'metus.eu.erat@pedePraesenteu.edu', 'HDO34NWJ3XM\r'),
(282, 'Reagan', 'Galindo', 'Angulo', '1991-11-14', '1-945-374-6773', 'Nayarit', 'M', 'et.rutrum.non@tempusmauriserat.net', 'YLZ65MFG2YJ\r'),
(283, 'Blaine', 'Cruz', 'Torres', '1988-11-30', '1-481-258-1360', 'Querétaro', 'F', 'Proin@etliberoProin.co.uk', 'QES40HGE6KJ\r'),
(284, 'Lana', 'Aguirre', 'Cruz', '1960-12-25', '360-1856', 'Tamaulipas', 'F', 'dictum@ligula.net', 'IRV54VZL8IA\r'),
(285, 'Shelley', 'Aguirre', 'Eliosa', '1974-07-15', '977-2213', 'Sinaloa', 'F', 'magna.Phasellus@Nunc.com', 'AIS11UQK7IG\r'),
(286, 'Aidan', 'Cruz', 'Eliosa', '1999-05-28', '1-485-566-2945', 'Chiapas', 'M', 'ullamcorper@lectus.org', 'JXQ11WXF9BM\r'),
(287, 'Savannah', 'Torres', 'Eliosa', '1979-03-10', '1-727-630-9326', 'Estado de México', 'F', 'facilisis.vitae.orci@natoque.com', 'XBV43XYN3MC\r'),
(288, 'Austin', 'Salinas', 'Cruz', '1952-07-31', '1-602-460-7874', 'Campeche', 'F', 'eu.nibh@cubiliaCurae.org', 'BMC96IHJ9US\r'),
(289, 'Hayley', 'Fernandez', 'Aguilar', '1981-10-20', '641-3047', 'Quintana Ro', 'M', 'eu@luctus.org', 'QON24CLU6BQ\r'),
(290, 'Karleigh', 'Fernandez', 'Aguilar', '1980-04-05', '1-475-618-9126', 'Colima', 'F', 'et.magnis.dis@Craseu.net', 'VHT22TDE0LX\r'),
(291, 'Hakeem', 'Bolaños', 'Rosas', '1954-08-31', '1-501-243-3637', 'Veracruz', 'F', 'eros.nec.tellus@ametmetusAliquam.ca', 'GVL99IQI0RX\r'),
(292, 'Rigel', 'Lander', 'Navarro', '1965-05-03', '735-3979', 'Tamaulipas', 'F', 'sem.consequat.nec@aptenttacitisociosqu.com', 'JZZ76ETU0IC\r'),
(293, 'Kimberly', 'Torres', 'Fuentes', '1972-11-28', '476-8554', 'Puebla', 'M', 'feugiat@morbitristique.org', 'YOI18WQC9WS\r'),
(294, 'Wendy', 'Maravilla', 'Salinas', '1958-03-24', '454-3942', 'Querétaro', 'M', 'feugiat.metus@lectusjustoeu.co.uk', 'OPE75EYF2WI\r'),
(295, 'Cynthia', 'Galindo', 'Aguirre', '1983-02-02', '495-7507', 'Baja California', 'F', 'magna@tinciduntadipiscing.co.uk', 'VWV35HIO8WX\r'),
(296, 'Mia', 'Aguilar', 'Cruz', '1973-11-12', '883-1216', 'Coahuila', 'F', 'euismod.enim.Etiam@eleifendCras.co.uk', 'JPE86RFS5JW\r'),
(297, 'Glenna', 'Angulo', 'Torres', '1955-04-14', '228-0972', 'Campeche', 'F', 'mauris@consectetuer.ca', 'ONL50BZV7AE\r'),
(298, 'Maxine', 'Aguilar', 'Quechol', '1990-11-19', '472-6388', 'Sinaloa', 'M', 'in.hendrerit.consectetuer@nulla.co.uk', 'NKO33KHC2MM\r'),
(299, 'Mikayla', 'Salinas', 'Aguirre', '1979-11-12', '604-7352', 'Colima', 'F', 'odio@orciluctuset.net', 'ZEY14MFR5OK\r'),
(300, 'Kenneth', 'Galindo', 'Zamora', '1988-10-24', '1-400-694-7956', 'Veracruz', 'M', 'ante@luctus.net', 'JVX60VZL7YG'),
(302, 'Carmen', 'Mendez', 'Corral', '2000-12-07', '246589562563', 'Chiapas', 'F', 'carmencorreo@gmail.com', '1234');

--
-- Índices para tablas volcadas
--

--
-- Indices de la tabla `cita`
--
ALTER TABLE `cita`
  ADD PRIMARY KEY (`idCita`);

--
-- Indices de la tabla `doctor`
--
ALTER TABLE `doctor`
  ADD PRIMARY KEY (`idDoctor`);

--
-- Indices de la tabla `paciente`
--
ALTER TABLE `paciente`
  ADD PRIMARY KEY (`idPaciente`);

--
-- AUTO_INCREMENT de las tablas volcadas
--

--
-- AUTO_INCREMENT de la tabla `cita`
--
ALTER TABLE `cita`
  MODIFY `idCita` int(5) NOT NULL AUTO_INCREMENT, AUTO_INCREMENT=309;

--
-- AUTO_INCREMENT de la tabla `doctor`
--
ALTER TABLE `doctor`
  MODIFY `idDoctor` int(5) NOT NULL AUTO_INCREMENT, AUTO_INCREMENT=302;

--
-- AUTO_INCREMENT de la tabla `paciente`
--
ALTER TABLE `paciente`
  MODIFY `idPaciente` int(5) NOT NULL AUTO_INCREMENT, AUTO_INCREMENT=303;
COMMIT;

/*!40101 SET CHARACTER_SET_CLIENT=@OLD_CHARACTER_SET_CLIENT */;
/*!40101 SET CHARACTER_SET_RESULTS=@OLD_CHARACTER_SET_RESULTS */;
/*!40101 SET COLLATION_CONNECTION=@OLD_COLLATION_CONNECTION */;
